node,tag,label,unit,lo,hi,warn,v0,v1,v2,v3,v4,v5,v6,v7,v8,v9,v10,v11,v12,v13,v14,v15,v16,v17,v18,v19,v20,v21,v22,v23,v24,v25,v26,v27,v28,v29,v30,v31,v32,v33,v34,v35,v36,v37,v38,v39,v40,v41,v42,v43,v44,v45,v46,v47,v48,v49,v50,v51,v52,v53,v54,v55,v56,v57,v58,v59
HS.crown,hook_load,Hook load,t,0,500,450,192.8,189.8,189.3,188.2,188.4,191.2,190.5,187.8,186.9,187.2,187.5,187,186.5,184.1,182.9,182.9,181.8,182.6,182.3,181.1,180.4,181.4,181.7,183.8,181.6,178.3,178.7,179.3,178.9,180.5,178.2,179.5,178.2,174.9,174.8,174.6,172.7,172,172.2,171.2,171.8,170.8,168.2,166.7,165.6,165.4,168.7,171.8,172.8,171.3,170.1,171.4,169.9,169.5,166.3,167.4,166.1,165.3,165.5,165.2
HS.crown,speed,Drum speed,rpm,0,120,100,63.73,64.37,64.31,64.78,65.52,66.36,65.05,64.8,63.57,62.83,62.39,62.8,64.52,64.43,63.94,63.94,64.68,64.2,65.34,65.05,65.43,64.42,64.27,63.99,64.89,64.87,65.77,66.8,67.01,67.89,68.47,67.62,68.85,69.92,69.81,70.76,71.3,71.24,71.06,71.37,71.38,72.17,72.78,73.49,73.4,73.38,72.72,73.89,74.94,74.52,74.2,75.08,74.81,74.13,73.87,74.64,74.9,75.55,76.41,75.87
HS.crown,brake_t,Brake disc temp,C,20,220,180,149.7,148.4,149.3,150.3,150.3,150.8,151.9,150.9,150.9,150,147.4,146.9,146.6,147.3,145.9,147.7,147.8,146.8,148,146.9,148.2,146,144.7,145.5,148.6,148.5,147.9,148.7,149.2,150.9,149.5,149.4,150.1,148.5,148,147.8,148.7,149,149.5,149.2,149.1,148.8,149.4,148.2,149.3,149,148.2,147.9,147,147.5,146.3,145,145.3,146.4,146.3,145.8,145.5,145.2,144.6,145.4
HS.crown,ton_mi,Line ton-miles,t-mi,0,1500,1400,1238,1238,1239,1238,1238,1238,1238,1238,1238,1239,1238,1238,1238,1239,1239,1239,1238,1239,1238,1238,1238,1238,1238,1238,1238,1238,1238,1238,1237,1237,1237,1238,1238,1239,1239,1239,1239,1239,1239,1239,1239,1238,1238,1238,1239,1239,1239,1239,1239,1239,1239,1238,1238,1238,1238,1238,1238,1238,1237,1238
HS.crown.sheaves,temp,Temperature,C,0,120,100,45.44,45.4,45.17,44.93,45.26,45.57,45.39,45.36,45.49,46.03,45.78,46.25,46.76,47.63,47.17,47.59,47.91,47.64,48.09,48.74,49.12,49.25,49.94,49.86,50.04,49.68,50.06,50.18,50.49,50.51,51.33,50.55,50.56,50.45,49.5,49.4,49.41,49.54,49.71,49.08,49.89,50.05,50.29,50.32,50.31,49.91,49.67,49.98,50.03,50.53,50.83,50.72,50.33,50.07,49.73,49.37,49.46,49.57,50.16,49.54
HS.crown.sheaves,vib,Vibration,mm/s,0,12,7.1,2.248,2.392,2.354,2.384,2.428,2.28,2.454,2.532,2.537,2.44,2.464,2.59,2.777,2.472,2.263,2.512,2.488,2.468,2.539,2.565,2.401,2.442,2.363,2.358,2.3,2.336,1.987,1.948,1.897,1.976,1.891,1.839,1.825,1.826,1.808,1.553,1.55,1.522,1.174,1.019,1.22,1.21,1.035,0.8397,0.9047,0.803,0.6946,0.4302,0.5962,0.6842,0.8457,0.7547,0.8539,0.7129,0.5569,0.8505,0.8315,1.026,0.8879,0.7485
HS.crown.sheaves,load,Load,%,0,100,95,58.18,57.79,57.52,56.62,57.49,57.11,58.21,58.42,57.97,57.58,58.49,57.29,57.63,57.62,57.42,57.66,58.23,58.43,58.33,57.83,57.48,57.53,57.1,56.95,57.38,57.29,56.89,56.48,55.42,55.59,55.8,57.23,56.18,56.15,55.92,55.43,55.02,54.6,55.56,54.39,54.29,54.13,54,53.84,55.86,55.32,54.7,52.95,53.71,53.64,53.92,52.34,52.25,53.9,54.37,54.47,55.11,56.09,55.47,55.3
HS.crown.frame,hook_load,Hook load,t,0,500,450,188.7,189.2,191.2,192.8,192.3,193.5,193.8,193.2,191.9,193.7,195.3,198.4,199.8,199.4,198.4,198.6,200,200.9,199.1,199.3,200.6,198.5,198.2,198.7,197.6,198.7,200.5,202.1,202.9,203.6,205.6,204.6,203.8,203.1,202,205.4,207.8,206.8,208.5,208.7,209.3,208.2,207.6,209.2,209.2,211,210.5,207.5,205.9,204.9,205.7,206,205.3,205.5,202.8,203.8,206.3,206.6,207.9,208.2
HS.crown.frame,speed,Drum speed,rpm,0,120,100,64.13,64.55,64.35,63.97,64.31,64.57,65.44,65.48,66.21,66.3,66.35,65.86,66.42,66.76,67.39,67.56,68.65,67.69,68.32,69.25,69.33,68.72,69.63,69.71,68.93,68.38,67.82,67.34,67.87,68.38,69.13,68.8,69.47,69.92,69.14,69.44,68.88,68.73,67.82,68.43,68.74,70.06,69.52,69.06,69.02,68.25,68.41,69.5,68.86,68.57,67.39,67.09,67.77,68.17,68.18,67.98,67.8,67.16,66.35,67.18
HS.crown.frame,brake_t,Brake disc temp,C,20,220,180,153.8,153.2,154.3,153.6,154.4,153.9,152.1,153.4,153.3,153.1,154.5,153.9,154.4,153.4,153.1,152.8,152.1,153.1,153.3,151.7,152.1,153.8,151.9,151.2,150.6,150,151.6,151.3,151.7,151.5,148.4,148.7,148,148,146.6,146.8,147.8,147,148.3,147.6,148,148.3,148.8,147.8,148.1,148.4,151.9,151.6,151.7,151.6,150.8,148.8,149.9,147.5,146.7,145.6,145.3,145.6,146.2,146.7
HS.crown.frame,ton_mi,Line ton-miles,t-mi,0,1500,1400,1241,1241,1241,1241,1241,1241,1241,1242,1242,1242,1242,1242,1242,1242,1242,1242,1242,1242,1243,1243,1244,1243,1243,1243,1243,1243,1244,1243,1243,1244,1243,1243,1243,1243,1243,1243,1243,1243,1243,1242,1242,1242,1242,1242,1242,1243,1242,1242,1242,1243,1243,1243,1243,1244,1244,1243,1244,1244,1243,1243
HS.crown.fastline,temp,Temperature,C,0,120,100,45.35,44.81,44.56,44.79,44.39,44.58,44.55,44.6,44.51,44.08,44.32,44.64,44.75,44.57,44.5,44.27,44.71,45.02,45.12,44.98,44.72,44.66,44.64,44.43,44.37,44.35,44.02,44.11,42.96,42.61,42.71,42.56,42.3,42.28,42.31,42.48,42.78,43.17,42.79,42.75,42.46,41.92,41.82,42.27,41.98,42.06,42.24,41.94,41.61,41.16,40.92,40.87,40.88,40.81,41,41.29,41.18,41.33,40.77,40.88
HS.crown.fastline,vib,Vibration,mm/s,0,12,7.1,2.319,2.269,2.41,2.339,2.133,2.093,2.022,2.026,2.026,1.831,1.797,1.8,1.75,1.969,2.116,2.262,1.962,1.913,1.892,1.844,1.6,1.514,1.625,1.669,1.618,1.746,1.759,1.573,1.562,1.488,1.53,1.61,1.753,1.592,1.454,1.28,1.409,1.398,1.44,1.237,1.441,1.386,1.501,1.406,1.309,1.422,1.524,1.56,1.629,1.547,1.453,1.415,1.475,1.463,1.438,1.25,1.251,1.289,1.196,1.358
HS.crown.fastline,load,Load,%,0,100,95,61.79,60.5,61.01,60.84,59.26,58.26,57.8,57.55,56.14,56.28,56.68,56.17,57.09,56.96,56.73,55.86,56.12,56.43,56.69,56.56,55.71,55.46,55.96,55.93,55.55,55.95,56.99,56.43,56.08,55.65,55.56,55.62,56.43,57.06,55.98,55.43,56.18,56.7,55.82,56.41,56.1,57.37,57.26,57.04,57.32,57.4,58.44,58.4,59.4,60.5,60.77,61.28,62.1,61.81,61.85,61.69,60.98,60.55,60.02,60.41
HS.crown.bumper,hook_load,Hook load,t,0,500,450,190.8,190.4,189.1,188.2,188.5,187.6,186.1,186,185.5,187.2,189.5,190.1,188,188.4,190.1,191,192.6,194.3,194.2,193.9,192.8,192.3,192.7,190.9,190.4,190.5,189.2,188.8,186.1,185.8,185.9,185.4,184.4,185,182.2,183.7,183,183.8,180.7,182.9,182.9,182.6,183.7,184.1,184,183.9,181.6,182.6,184.9,184.9,182.7,180.9,183.4,181.8,183.3,186.4,188.5,187.4,189.8,189.7
HS.crown.bumper,speed,Drum speed,rpm,0,120,100,63.18,62.18,61.65,62.55,62.27,61.49,62.1,62.25,62.13,61.88,61.28,61.31,61.32,60.8,62.11,62.17,61.11,61.48,62.09,63.91,63.39,64.12,63.97,63.95,63.75,63.72,63.4,64.12,64.05,64.06,63.71,62.68,63.02,64.14,64.93,65.15,65.49,65.64,65.8,64.59,65.81,65.45,64.9,63.2,62.68,62.14,61.65,61.94,61.59,61.09,60.98,62.02,61.83,61.1,59.94,60.86,60.8,61.45,62.31,60.44
HS.crown.bumper,brake_t,Brake disc temp,C,20,220,180,147.2,145.3,145.6,145.3,145.9,147.1,147.5,148.9,148.6,148.4,146.8,145.5,145.5,146.6,147.1,146.8,146.7,145.9,145.7,145.1,145.1,144.3,142.8,143.7,143.8,147.2,147.7,150,151.9,151.1,151.8,151,148.9,148.6,148.4,148.2,149.3,150.3,149.5,149,147.7,147.5,148.7,149.6,149,149.8,150.2,149.8,149.1,148.7,149.9,150.8,153.5,154.1,155.2,156.2,155.9,155.5,154.9,154.8
HS.crown.bumper,ton_mi,Line ton-miles,t-mi,0,1500,1400,1241,1241,1241,1241,1241,1241,1241,1241,1241,1241,1241,1241,1241,1241,1241,1241,1241,1241,1241,1240,1241,1241,1241,1240,1240,1240,1240,1239,1239,1239,1239,1239,1239,1239,1240,1240,1240,1240,1240,1240,1240,1240,1240,1239,1239,1240,1239,1239,1239,1239,1239,1239,1239,1239,1239,1239,1239,1239,1238,1239
HS.crown.platform,hook_load,Hook load,t,0,500,450,185.9,188.8,188.7,189.2,188.9,188.6,188.5,188.7,188.3,188.6,186.5,187.1,188.8,187.9,186.8,185,184.1,182.9,180.5,182.9,182.5,182.2,182.6,183.2,184.9,181.9,182.2,181.9,182.2,182.5,182.4,182.2,182.2,181.3,182.5,183.4,182.5,181.6,182.5,182,179.7,182.9,182.8,183.3,182.4,182.8,183.4,183.4,185.4,184.5,187,184.6,183.5,181.2,182.3,181.9,183,182.1,183.1,183.8
HS.crown.platform,speed,Drum speed,rpm,0,120,100,59.78,60.13,59.36,59.17,59.16,59.05,58.17,58.15,58.33,58.66,59.09,58.93,58.66,59.64,59.6,59.65,59.2,59.6,60.04,60.39,61.17,60.4,59.52,58.29,58.19,58.33,57.05,56.41,56.04,56.79,57.57,57.22,58.36,57.96,58.55,58.2,59.56,58.73,58.04,59.51,59.71,60.34,59.91,60.24,60.12,60.04,59.98,60.13,60.34,59.6,59.4,59.94,60.13,60.62,60.41,60.15,59.93,60.65,61.18,61.25
HS.crown.platform,brake_t,Brake disc temp,C,20,220,180,145.7,145.2,143.6,143,143.1,144.5,143.3,142.6,141.5,142.9,141,139.7,139.5,138.9,140.5,140.7,141.5,141.5,141.4,144.1,144.5,146.3,145.5,145.8,145.5,145.3,145.4,146.6,145.9,146.9,147.3,147.6,148.5,148.2,148.8,148.1,147.8,147.9,149,149.1,147.5,148.1,147.8,147.3,148.2,146.7,147.1,145.9,144.8,144.4,144.1,142.1,141.9,144.3,144.9,144.8,145.7,144.2,143.6,143.6
HS.crown.platform,ton_mi,Line ton-miles,t-mi,0,1500,1400,1239,1238,1238,1237,1237,1237,1238,1238,1238,1238,1238,1239,1239,1238,1238,1239,1238,1238,1238,1238,1239,1238,1238,1239,1239,1240,1240,1239,1239,1240,1240,1239,1239,1239,1239,1239,1238,1238,1238,1238,1238,1238,1238,1239,1238,1238,1238,1238,1238,1238,1238,1238,1238,1238,1238,1239,1239,1239,1239,1239
HS.anchor,temp,Temperature,C,0,120,100,45.54,46.04,46.08,46.03,45.85,45.64,46.02,46.61,46.62,47.36,47.18,47.15,47.44,47.55,47.28,47.26,47.15,47.62,47.83,47.86,47.82,47.54,47.74,47.83,47.86,47.63,47.88,48.08,48.02,48.26,48.21,48.33,48.03,48.13,48,48.31,48.42,48.02,48.56,48.91,49.38,49.94,50.12,50.89,51.33,52.24,52.59,52.84,53.71,54.57,55.38,56.14,57.03,57.48,58.34,58.99,59.71,60.2,60.48,61.03
HS.anchor,vib,Vibration,mm/s,0,12,7.1,2.726,2.775,2.702,2.588,2.708,2.691,2.89,2.997,3.362,3.44,3.242,3.344,3.503,3.32,3.309,2.994,2.744,2.5,2.571,2.631,2.794,2.77,2.92,2.842,3.052,3.077,2.986,3.233,3.313,3.408,3.337,3.339,3.444,3.417,3.394,3.157,2.978,2.951,3.098,3.164,3.27,3.386,3.454,3.472,3.29,3.176,3.092,3.107,3.241,3.262,3.459,3.669,3.719,3.979,4.029,4.098,3.948,4.045,4.135,4.374
HS.anchor,load,Load,%,0,100,95,57.57,58.02,58.21,58.21,57.63,56.48,57.87,57.64,56.87,57.21,57.84,58.29,58.88,58.32,58.42,58.57,58.65,58.61,58.28,57.98,57.47,56.23,55.64,55.89,55.88,56.01,55.68,54.57,54.63,53.51,53.94,53.41,53.68,54.93,54.93,55.47,55.64,55.8,55.79,56.62,56.99,55.95,56.37,55.25,54.88,55.22,55.21,54.74,54.97,54.13,53.81,52.93,51.93,51.57,52.26,51.81,52.56,51.55,51.65,52.53
HS.anchor.drum,level,Interface level,%,0,100,85,47.83,47.23,47.73,47.78,47.12,46.99,47.28,47.72,47.52,47.27,47.29,47.34,47.48,46.96,46.64,46.11,46.35,46.6,46,45.58,45.83,45.88,45.74,45.96,45.93,46.08,46.5,46.14,46.24,46.31,46.27,46.02,46.6,47.3,47.21,47.4,47.59,47.44,47.07,46.54,46.37,46.53,46.4,45.86,45.76,45.39,45,45.18,44.76,44.59,44.74,44.55,44.89,43.75,44.08,44.49,44.72,45.14,45.28,45.07
HS.anchor.drum,press,Pressure,bar,0,30,25,8.953,8.791,8.976,8.791,8.799,8.83,8.822,8.807,8.958,9.155,9.041,8.759,8.703,8.716,8.522,8.642,8.32,8.253,8.116,8.234,8.232,8.22,8.345,8.277,8.274,8.258,8.126,8.074,8.086,7.989,8.065,8.083,8.063,8.064,8.143,8.196,8.142,8.24,8.214,8.152,8.101,8.207,8.505,8.704,8.619,8.691,8.706,8.579,8.648,8.753,8.905,9.091,9.229,9.237,9.209,9.211,9.174,9.214,9.058,9.064
HS.anchor.drum,temp,Temperature,C,0,120,100,54.03,54.08,54.41,54.32,54,54.41,54,54.32,54.56,54.34,54.12,54.04,53.71,53.69,53.59,53.38,53.19,52.96,53.23,53.67,54.47,54.55,54.66,54.33,55.15,55.21,55.6,55.02,55.12,55.31,55.3,55.5,55.18,55.41,55.47,55.64,55.59,55.17,55.66,55.52,55.59,55.92,55.61,55.44,55.39,55.38,55.49,55.95,55.8,55.82,55.22,55.39,55.06,55.53,55.39,55.24,55.47,55.1,54.59,54.37
HS.anchor.drum,gas_out,Gas outlet,MMscfd,0,60,,20.71,21.17,20.95,20.89,20.97,21.11,21.12,20.4,20.54,20.41,20.07,19.99,19.79,19.38,19.73,19.76,19.55,19.6,19.52,19.22,19.55,19.72,19.64,19.66,19.29,19.48,19.59,19.44,19.47,19.47,19.1,18.92,18.85,18.52,18.43,18.33,18.19,18.31,18.03,18.4,18.34,18.19,18.18,17.62,17.63,17.33,17.76,17.69,17.86,17.92,17.67,17.97,17.8,17.89,17.71,17.39,17.05,16.78,16.99,17.06
HS.anchor.sensor,temp,Temperature,C,0,120,100,45.04,45.53,45.38,45.12,44.78,44.78,44.84,44.98,44.81,44.99,44.86,44.76,44.98,45.09,45.64,45.69,45.78,46.64,46.72,46.88,46.78,46.82,46.83,46.61,47.14,47.3,47.26,47.53,47.14,46.71,46.58,46.99,47.29,46.87,46.76,46.25,46.2,46.53,47.15,47.97,48.14,48.19,48.45,49.43,49.87,50.42,50.78,51.83,51.94,52.09,53.41,53.84,54.37,54.71,54.96,54.89,55.35,55.45,55.78,55.83
HS.anchor.sensor,vib,Vibration,mm/s,0,12,7.1,3.029,3.017,3.077,3.078,2.95,2.845,2.853,2.853,2.932,2.818,2.991,3.004,3.319,3.214,3.411,3.362,3.557,3.656,3.624,3.62,3.613,3.607,3.473,3.552,3.705,3.78,4.052,3.922,4.059,4.207,4.284,4.345,4.411,4.422,4.343,4.439,4.639,4.66,4.404,4.576,4.39,4.291,4.48,4.27,4.412,4.695,4.922,4.822,4.777,4.67,4.558,4.577,4.489,4.762,4.774,4.855,4.832,4.819,4.395,4.486
HS.anchor.sensor,load,Load,%,0,100,95,58.37,59.08,59.24,59.27,60.68,60.03,60.51,59.82,59.91,60.05,60.78,61.52,62.61,63.19,62.85,63.7,63.7,62.84,63.47,63.66,63.89,64.4,63.94,64.46,64.97,66.44,66.54,66.24,66.92,67.38,65.64,65.49,64.47,65.29,65.02,64.94,65.91,66.11,65.74,65.84,66.26,66.6,66.24,65.5,66.32,66.45,66.75,66.22,66.08,66.73,66.88,67.84,68.01,68.27,68.9,67.99,68.2,67.31,67.54,67.75
HS.anchor.reel,temp,Temperature,C,0,120,100,46.46,46.04,45.82,45.4,45.55,45.31,45.23,45.12,44.56,44.84,45.11,44.96,45.02,44.06,44.23,43.91,44.04,43.98,43.66,43.72,43.64,43.82,44.05,43.71,43.57,43.79,43.88,44.01,43.53,43.81,43.5,43.19,42.8,42.89,42.66,41.48,41.63,41.5,41.29,41.28,41.56,41.2,41.26,41.12,40.65,40.55,40.36,40.14,40.49,40.74,40.63,40.66,40.9,40.92,41.43,41.77,41.3,41.86,41.71,41.77
HS.anchor.reel,vib,Vibration,mm/s,0,12,7.1,2.138,2.108,2.164,2.199,2.445,2.747,2.818,2.872,2.699,2.594,2.603,2.61,2.605,2.177,1.913,1.765,1.856,2.189,2.174,2.293,2.351,2.3,2.248,2.201,2.267,2.045,2.078,1.829,1.86,1.99,2.022,1.853,1.755,1.782,1.809,1.773,1.852,2.125,2.202,2.122,2.17,2.153,2.239,2.242,2.218,2.094,2.31,2.399,2.545,2.712,2.744,2.813,2.7,2.538,2.748,2.779,2.605,2.616,2.672,3.144
HS.anchor.reel,load,Load,%,0,100,95,62.28,62.63,63.77,63.45,64.17,64.82,65.26,65.69,64.79,64.91,64.56,64.7,65.88,66.15,66.64,67.05,67.1,66.68,66.16,66.38,64.84,65.04,65,64.74,63.66,63.15,64.82,64.68,65.43,65.58,65.76,65.55,66.02,66.03,65.5,65.42,65.58,64.37,65.39,66.42,65.21,64.46,64.17,63.16,62.81,63.05,62.96,62.5,61.91,62.56,63.18,64.42,64.06,63.78,64.89,65.38,65.78,64.71,65.93,65.92
HS.dw,hook_load,Hook load,t,0,500,450,189.1,189.2,187.3,189.5,190.8,191.7,191.6,190.8,190.3,193.3,193.6,195.7,193.9,194.4,194.5,193.5,190.5,192.4,192.6,192.4,194.5,193.8,194.1,191.3,190.2,189.7,190,187.1,185.6,184.6,184,182.1,182.9,181.7,182.4,182.3,180.3,179.8,179.6,177.3,178,177.1,179,179.2,177,176.8,178.2,177.9,176.5,177.2,179.3,178.9,180.9,179.6,179.9,180.2,180.7,179.6,179.7,180.5
HS.dw,speed,Drum speed,rpm,0,120,100,62.87,63,62.28,61.46,60.57,60.14,59.75,59.43,59.46,58.81,58.58,59.85,59.85,60.36,60.53,60.56,59.5,58.27,58.41,58.44,57.84,57.29,56.7,56.43,57.13,56.74,56.83,56.76,56.44,56.6,56.06,55,55.92,56.3,55.8,53.81,53.1,53.74,52.36,52.36,51.66,51.54,50.57,49.68,49.99,49.77,50.05,51.13,50.82,50.33,50.73,50.46,51.06,51.5,51.28,51.87,52.06,52.78,51.37,50.84
HS.dw,brake_t,Brake disc temp,C,20,220,180,149.8,149,148.1,148.9,148.9,149.6,149.5,147.6,147.1,145.7,145.8,143.3,142.1,144,145.1,144.7,143.3,141.7,141.4,140.5,139.3,139.7,140.1,141,142.1,141.2,143.8,141.2,140.9,140.6,139.7,140,140.2,138.7,138.2,137.1,137.8,139.3,140.4,139.7,139.3,139.4,139.4,138.7,138.3,137.5,137.1,137,135.2,132.3,132.9,131.2,132.1,131.7,132.4,133.2,133.4,133.5,133.4,133.6
HS.dw,ton_mi,Line ton-miles,t-mi,0,1500,1400,1240,1240,1240,1241,1241,1241,1241,1241,1241,1241,1241,1241,1241,1241,1241,1241,1241,1241,1241,1241,1241,1242,1241,1241,1241,1241,1242,1241,1241,1241,1241,1240,1241,1241,1240,1241,1241,1241,1241,1242,1241,1241,1241,1242,1242,1242,1242,1242,1242,1242,1242,1242,1242,1242,1242,1243,1243,1243,1243,1243
HS.dw.drum,level,Interface level,%,0,100,85,47.92,48.19,48.38,48.17,48.36,48.15,47.86,47.68,47.43,47.27,47.57,47.18,47.43,47.44,47.01,47.06,46.2,45.87,45.77,45.9,45.73,44.93,44.31,44.47,44.54,44.35,43.74,43.28,43.17,43.35,43.62,43.87,43.39,43.81,43.8,43.95,44.27,44.23,44.47,44.74,44.39,44.84,44.82,44.75,44.84,44.63,44.88,44.79,45.63,45.68,45.44,45.56,45.23,44.78,44.57,44.58,44.36,44,43.56,44.52
HS.dw.drum,press,Pressure,bar,0,30,25,8.306,8.374,8.078,8.044,8.037,8.095,8.126,8.012,7.948,8.061,7.868,8.049,8.006,7.936,8.075,8.055,8.096,8.104,8.112,8.142,8.089,8.34,8.454,8.449,8.457,8.435,8.629,8.551,8.643,8.682,8.614,8.53,8.472,8.419,8.438,8.355,8.251,8.308,8.293,8.351,8.434,8.466,8.394,8.596,8.591,8.705,8.815,8.833,8.575,8.637,8.659,8.799,8.88,8.772,8.774,8.752,8.706,8.74,8.742,8.806
HS.dw.drum,temp,Temperature,C,0,120,100,54.91,54.75,55.05,54.44,54.59,54.75,55.22,55.24,55.22,55.53,55.35,55.83,55.91,56.26,56.32,56.05,55.61,55.31,55.65,54.85,54.56,54.28,54.45,54.85,55.75,55.41,55.98,55.74,55.43,55.18,54.84,55.38,54.97,55.35,56.14,56.1,55.87,56.47,56.9,56.85,57.08,57.09,56.84,56.78,56.79,56.68,57.24,57.32,57.57,57.65,57.7,57.75,57.9,58.15,58.01,57.57,57.71,57.59,56.45,56.31
HS.dw.drum,gas_out,Gas outlet,MMscfd,0,60,,23.85,23.31,23.38,23.68,23.47,23.42,23.07,23.13,23.32,23.41,23.58,22.89,22.99,22.95,23.13,23.21,23.31,23.14,22.96,23.06,22.91,23.13,22.71,22.36,22.13,22.23,22.29,22.18,22.4,22.7,22.12,22.57,22.42,22.58,22.58,22.72,22.58,22.31,21.87,22.18,22.38,22.26,22.42,22.39,22.22,22.33,22.41,22.54,22.23,21.95,21.62,21.51,21.64,22.05,22.02,22.01,22.28,22.26,22.32,22.37
HS.dw.motors,current,Current,A,0,900,800,415.1,414.2,412.9,413.4,413.5,410.6,407.1,409.7,407.2,403.6,400.7,401.4,399.2,397.3,396.4,397.3,400.1,400.7,404.6,405.3,402.6,402.5,400.5,398.9,396.5,393.9,390.2,395.4,396.8,397,400.5,400.8,398.6,399.4,404.2,404.2,400.6,399.1,407.2,410.4,415.5,420.7,425,425.3,436.6,435.3,438.2,442.4,448.4,452.3,459.3,462,465.9,472.6,472,475.6,481.8,490,492.1,496.3
HS.dw.motors,winding_t,Winding temp,C,20,160,140,90.49,90.78,91.62,90.7,90.46,90.12,91,90.41,90.65,90.15,89.24,88.62,88.78,89.39,89,88.92,88.54,89.13,89.05,89.03,89.26,89.94,90.86,91.23,90.87,90.51,90.67,90.62,91.08,90.69,91.9,92.14,91.74,91.75,92.78,93.23,93.32,93.45,92.44,93.1,92.67,92.42,92.62,92.43,92.67,93.43,93.64,94.37,94.5,95.37,96.06,96.01,95.5,95.89,95.91,97.09,96.7,96.9,96.79,96.68
HS.dw.motors,vib,Vibration,mm/s,0,12,7.1,2.036,1.733,1.722,1.658,1.772,1.764,1.622,1.875,1.638,1.777,1.591,1.648,1.763,1.892,2.045,2.032,2.156,2.004,1.999,2.052,2.064,2.094,2.253,2.584,2.63,2.628,2.872,2.775,2.544,2.554,2.731,2.8,2.901,2.901,2.85,2.9,2.914,2.92,2.87,3.037,2.772,2.842,2.851,3.1,3.006,2.996,2.91,2.865,2.938,2.909,2.857,2.763,2.759,2.686,2.47,2.559,2.786,2.668,2.769,2.653
HS.dw.motors,load,Load,%,0,100,95,71.98,71.85,72.23,72.64,72.58,72.67,72.68,73.1,72.95,72.11,71.65,70.75,69.74,68.27,67.19,66.06,65.86,66.85,67.72,66.99,67.68,67.86,68.11,67.77,68.33,67.61,67.31,66.84,67.84,69.1,69.31,68.77,69.54,69.67,69.94,70.63,70.34,69.85,69.81,70.15,70.78,70.47,69.83,70.06,70.71,70.11,69.35,70.44,70.75,70.38,70.12,71.18,71.69,73.61,73.9,74.38,74.74,75.32,75.6,75.39
HS.dw.gearbox,temp,Temperature,C,0,120,100,45.01,45.06,45.31,46.31,46.59,46.67,46.31,46.3,46.03,46.02,45.98,45.38,45.29,45.52,45.61,44.83,44.88,44.78,44.82,45.05,44.49,44.87,44.39,44.22,44.01,44.23,44.39,43.98,44.3,44.38,44.28,44.42,44.25,44.15,44.42,44.58,44.12,43.83,44.02,44.15,44.01,44.08,44.2,43.89,43.24,43.22,43.36,43.17,43.1,42.88,43.27,43.38,43.72,43.1,43.41,42.91,43.35,43.59,43.14,42.92
HS.dw.gearbox,vib,Vibration,mm/s,0,12,7.1,1.472,1.472,1.452,1.431,1.518,1.403,1.588,1.538,1.445,1.489,1.474,1.708,1.798,1.878,1.951,1.806,1.807,1.873,1.729,1.56,1.519,1.634,1.711,1.928,1.82,1.893,1.918,1.946,1.724,1.972,1.977,2.204,2.435,2.57,2.408,2.202,2.277,2.091,1.929,2.125,2.017,2.064,2.187,2.306,2.214,1.861,1.837,2.059,1.982,1.747,1.788,1.717,1.751,1.804,1.813,1.699,1.854,1.943,2.086,2.256
HS.dw.gearbox,load,Load,%,0,100,95,59.25,59.81,61.43,61.61,61.09,60.67,60.42,59.86,59.76,60.51,61.8,61.33,61.9,61.58,61.58,62.18,61.73,61.83,61.98,62.62,62.88,63.36,62.68,64,63.69,63.64,63.67,63.44,63.73,63.17,63.39,64.21,65.13,64.53,66.54,66.36,66.75,66.67,67.92,68.87,68.57,69.27,68.52,67.89,67.62,67.68,67.55,68.09,66.54,66.55,66.93,68.24,67.46,68.11,68.99,69.1,69.47,69.1,70.14,70.15
HS.dw.brake,temp,Temperature,C,0,120,100,45.08,45.22,45.35,45.19,45.54,45.47,45.33,45.16,45.34,45.3,44.9,44.73,44.82,44.14,44.37,44.85,44.97,45.56,45.36,44.98,45.63,45.18,44.91,44.98,45.04,44.71,44.59,44.4,44.06,43.76,44.12,44.68,44.71,44.65,45.62,45.7,45.78,45.75,45.85,46.26,45.9,46.27,46.81,46.75,46.16,45.61,45.12,44.67,44.39,44.37,43.58,43.01,42.75,42.75,42.43,42.53,42.65,43.07,43.21,43.18
HS.dw.brake,vib,Vibration,mm/s,0,12,7.1,2.695,2.577,2.553,2.521,2.526,2.786,2.687,3.1,3.056,2.874,2.664,2.877,2.867,2.865,2.942,2.817,2.78,3.005,3.078,2.765,2.647,2.565,2.621,2.642,2.592,2.573,2.81,2.709,2.362,2.099,1.942,1.595,1.395,1.335,1.12,1.28,1.135,1.371,1.539,1.519,1.498,1.309,1.313,1.418,1.663,1.636,1.46,1.507,1.387,1.18,0.856,0.8827,0.9175,0.884,0.8231,0.9361,0.8574,0.8216,0.9051,0.7678
HS.dw.brake,load,Load,%,0,100,95,55.42,54.67,54.47,54.1,54.81,54.79,54.59,54.71,55.48,54.83,54.75,55.05,55.29,55.18,55.87,54.58,53.61,54.25,55.05,55.31,55.85,55.79,55.46,55.44,54.93,54.9,54.02,54.52,55.57,55.47,56.14,56.27,55.37,54.67,55.17,56.68,56.95,58.23,58.57,59.58,59.25,60.05,60.14,59.63,60.13,59.97,61.05,61.82,61.52,60.8,60.44,60.08,59.92,60.1,59.5,59.75,60.27,59.98,60.01,60.3
HS.dw.skid,temp,Temperature,C,0,120,100,45.67,45.4,45.43,45.32,45.71,45.29,45.27,45.61,45.84,45.59,46.02,45.94,46.32,46.99,47.73,47.92,47.93,47.5,47.28,47.93,47.71,48.59,48.19,48.28,48.53,48.08,48.23,48.33,48.74,48.29,47.88,47.48,47.45,46.86,46.58,47.07,47.26,47.37,48.4,49.47,49.64,50.69,51.31,51.85,52.33,52.84,53.22,53.54,54.5,55.18,55.56,55.9,56.13,57.07,57.73,58.72,59.58,59.92,60.33,60.84
HS.dw.skid,vib,Vibration,mm/s,0,12,7.1,2.056,1.897,1.907,1.923,2.067,2.178,2.239,2.206,2.153,2.187,2.008,2.023,2.001,2.063,2.093,1.948,1.929,1.608,1.551,1.4,1.384,1.338,1.652,1.623,1.609,1.612,1.823,2.014,1.983,2.116,2.089,2.31,2.32,2.317,2.398,2.514,2.606,2.619,2.431,2.459,2.389,2.312,2.258,2.369,2.513,2.464,2.274,2.113,2.221,2.231,2.354,2.255,2.298,2.596,2.653,2.665,2.553,2.466,2.574,2.425
HS.dw.skid,load,Load,%,0,100,95,61.47,60.79,60.73,60.8,61.66,61.22,62.01,62.47,62.19,61.32,62.39,62.19,63.48,63.39,63.35,64.57,64.03,63.81,62.58,62.83,62.54,63.14,62.49,62.68,62.65,61.53,60.55,59.56,59.39,58.93,59.78,60.22,60.16,60.67,61.21,61.03,60.49,59.74,58.48,58.12,58.6,58.95,58.87,59.57,60.49,60.37,59.93,61.1,60.86,61.88,62.28,63.47,64.01,63.8,62.65,61.33,61.33,60.77,59.41,58.18
HS.dw.encoder,level,Interface level,%,0,100,85,48.44,49.05,48.57,48.18,47.9,48.03,47.58,47.62,47.4,47.36,47.19,47.36,47.67,47.63,47.17,47.65,47.95,47.65,48.06,48.36,48.55,48.75,49.42,49.71,50,49.76,49.56,49.15,48.41,47.84,48.28,48.49,48.12,48.07,47.9,47.77,48.23,49,49.44,49.63,49.45,49.62,49.85,49.89,50.04,50.27,50.02,50.38,50.32,50.45,50.24,50.38,51.19,50.71,50.5,50.98,51.33,51.21,50.92,50.83
HS.dw.encoder,press,Pressure,bar,0,30,25,8.321,8.461,8.467,8.473,8.501,8.565,8.656,8.642,8.671,8.57,8.644,8.583,8.687,8.915,8.806,8.966,8.734,8.682,8.594,8.534,8.661,8.613,8.603,8.577,8.674,8.734,8.634,8.684,8.534,8.485,8.44,8.446,8.536,8.439,8.519,8.658,8.778,8.707,8.701,8.632,8.531,8.753,8.657,8.645,8.533,8.607,8.456,8.559,8.719,8.565,8.701,8.956,8.892,8.706,8.708,8.645,8.705,8.622,8.677,8.79
HS.dw.encoder,temp,Temperature,C,0,120,100,51.86,51.65,52.1,52.16,52.14,51.5,51.58,50.99,51.1,51.21,50.99,51.07,50.72,51.1,50.4,50.55,50.49,50.63,50.23,50.95,51.09,51.11,51.33,50.66,50.83,51.06,51.07,50.74,50.87,50.26,49.89,49.85,50.24,49.99,50.3,50.4,50.81,50.94,51.15,50.98,50.43,50.54,50.43,50.89,50.38,50.82,50.64,51.13,51.68,52,52.56,52.3,52.81,52.7,52.84,52.94,52.85,52.57,52.7,52.6
HS.dw.encoder,gas_out,Gas outlet,MMscfd,0,60,,21.06,21.16,21.02,21.26,21.35,21.13,21.32,21.08,21.04,21.03,21.02,21.19,21.27,21.2,21.33,21.64,21.6,21.96,22.15,22.23,22.66,22.74,22.6,22.48,22.61,23.31,23.39,23.51,23.37,23.69,23.06,22.91,22.9,23.11,23.01,22.9,22.94,23.07,22.49,22.76,22.84,23.01,22.77,22.91,23.11,22.77,23.01,23.42,23.96,24.35,24.07,24.09,23.88,23.81,23.85,23.47,22.98,23.18,23.43,23.56
HS.line,hook_load,Hook load,t,0,500,450,180.6,181.8,183,181.9,180.7,180.6,181,180.8,179,179.5,179,180.4,181,182.4,182.1,180.6,178.7,177,176.8,177.4,179.2,179.7,179.6,180,180.9,182.2,181.8,180.4,180.6,183.9,186.5,187.5,187.5,188.3,188.9,191.9,191.6,192.1,191.5,193.7,191.8,192.6,195.2,194.1,194.9,193.3,195.1,197.6,195.7,196.9,197.8,196.7,198.7,198.4,198.5,197.6,199.4,199.2,202.1,202.4
HS.line,speed,Drum speed,rpm,0,120,100,60.98,59.58,59.4,59.69,59.73,59.79,59.82,60.47,59.3,58.2,59.87,60.35,60.73,61.16,60.43,60.12,59.96,59.36,58.17,58.42,58.33,58.11,58.63,58.87,59.81,59.55,58.47,58.34,58.07,57.58,57.2,55.99,56.16,56.23,55.73,56.42,56.22,55.09,55.96,56.21,55.39,55.39,54.67,54.12,54.79,54.04,55.02,54.68,54.77,53.88,53.11,54.05,54.26,54.2,53.8,54.1,53.96,53.18,53.39,53.87
HS.line,brake_t,Brake disc temp,C,20,220,180,150.6,149.6,151,152.7,153.6,153.1,154.2,154.7,154,152.8,152.1,153.9,153.7,154.7,155.4,156.5,157.2,158.8,157.1,159,159.3,159.1,158.1,156.7,156.4,157,154.6,154.9,153.6,154.4,154.1,153.2,153.8,155.8,157.4,158.7,158.5,160.1,160.3,162.5,162.9,162.8,161.7,161.1,162.1,161.9,161.3,160.5,162.2,161.6,160.3,158.9,160,161.8,160.8,162,160.3,162.2,163.5,164.3
HS.line,ton_mi,Line ton-miles,t-mi,0,1500,1400,1241,1241,1241,1241,1241,1240,1240,1241,1241,1241,1241,1241,1241,1241,1241,1241,1241,1241,1241,1241,1241,1241,1241,1241,1241,1241,1241,1241,1241,1241,1241,1242,1242,1242,1242,1241,1241,1241,1241,1241,1241,1241,1241,1241,1241,1241,1241,1241,1241,1241,1241,1242,1242,1242,1242,1241,1241,1242,1241,1242
HS.line.fast,temp,Temperature,C,0,120,100,45.41,45.17,45.77,45.7,45.39,45.36,45.67,45.59,45.22,45.48,45.14,45.12,45.2,44.36,44.4,44.29,43.56,43.35,43.14,42.84,43.32,43.01,42.94,43.06,42.85,42.73,43.1,42.49,42.26,41.93,41.77,41.08,40.57,41.03,40.54,40.55,40.78,41.53,41.87,42.2,41.84,41.97,41.25,42.21,41.93,42.44,43.02,42.87,43.32,42.86,42.35,42.71,42.63,43.93,44.02,44.2,44.84,45.16,45.46,45.87
HS.line.fast,vib,Vibration,mm/s,0,12,7.1,1.62,1.492,1.696,1.403,1.359,1.418,1.503,1.595,1.563,1.575,1.615,1.827,2.025,1.963,1.951,1.951,1.687,1.667,1.49,1.435,1.247,1.303,1.621,1.606,1.623,1.621,1.599,1.577,1.581,1.434,1.247,1.122,0.9382,1.063,1.052,1.202,1.117,1.399,1.56,1.583,1.391,1.537,1.584,1.841,2.005,1.76,1.605,1.662,1.67,1.428,1.528,1.507,1.704,1.656,1.892,1.806,1.917,2.062,1.887,2.039
HS.line.fast,load,Load,%,0,100,95,56.45,55.41,54.13,53.2,52.77,53.38,51.41,51.13,49.9,49.63,48.86,48.85,48.98,49.52,50.02,50.87,51.51,52.59,52.24,52.53,52.34,51.43,52.52,53.67,53.86,54.75,54.33,54.57,54.01,52.86,52.59,52.06,52.7,51.98,52.08,53.41,52.86,53.31,53.81,52.35,52.65,53.16,53.5,53.19,53.49,54.06,52.27,51.65,51.49,51.37,52.68,53.01,54.48,54.34,53.03,52.34,51.5,51.39,52.32,52.52
HS.line.reeved,temp,Temperature,C,0,120,100,47.45,47.32,47.14,46.38,46.63,46.48,46.52,47.1,47.53,47.44,47.36,47.02,46.48,46.53,46.49,46.49,46.66,47.58,47.4,47.48,47.63,48.51,48.47,47.88,47.51,47.64,47.68,47.8,47.67,47.4,47.49,47.41,47.17,47.56,47.25,47.61,47.07,46.74,47.22,47.26,47.24,46.79,46.92,46.89,46.37,46.18,45.56,44.81,44.44,44.41,44.17,43.58,42.89,42.34,43.1,42.9,42.92,42.3,42.6,42.41
HS.line.reeved,vib,Vibration,mm/s,0,12,7.1,1.709,1.63,1.771,1.977,2.298,2.424,2.406,2.483,2.613,2.692,2.595,2.714,2.754,2.64,2.576,2.4,2.564,2.373,2.421,2.498,2.17,2.413,2.363,2.241,2.18,2.106,2.343,2.402,2.087,1.923,1.913,1.883,2.005,1.954,2.103,1.959,1.943,2.144,2.388,2.304,2.375,2.448,2.351,2.466,2.524,2.224,2.131,2.363,2.3,2.422,2.555,2.502,2.55,2.301,2.102,1.836,1.777,1.654,1.696,1.826
HS.line.reeved,load,Load,%,0,100,95,59.57,59.92,58.85,59.66,60.06,60.39,59.67,60.37,59.31,58.98,57.94,57.45,57.61,57.97,57.88,59.68,59.85,59,58.73,60,60.36,60.89,60.27,59.24,59.29,58.81,58.56,58.55,59.65,59.84,59.63,59.91,59.32,58.56,59.12,59.51,59.14,58.72,58.29,58.24,59.02,59.51,60.47,60.25,60.94,60.55,59.99,60.09,60.07,59.8,59.54,59.09,58.31,57,56.93,57.66,57.15,57.76,58.44,58.5
HS.line.dead,temp,Temperature,C,0,120,100,46,46.04,45.49,45.58,45.5,44.47,43.95,43.7,43.83,44.17,44.06,45.03,44.61,44.2,44.64,44.84,44.79,45.11,44.94,44.78,44.66,44.19,43.97,43.7,43.79,43.59,44.07,43.82,43.99,43.21,42.73,42.51,42.99,42.98,43.44,44.12,44.98,44.99,45.01,45.05,44.72,44.44,44.31,43.85,43.5,43.84,44.07,44.09,43.93,43.49,43.27,43.08,43.56,43.49,43.8,43.9,44.09,44.84,44.3,43.67
HS.line.dead,vib,Vibration,mm/s,0,12,7.1,3.101,3.206,3.31,3.222,3.381,3.33,3.372,3.424,3.232,3.241,3.034,3.144,3.09,3.283,3.073,2.928,2.918,2.8,2.614,2.272,2.306,2.421,2.283,2.313,2.439,2.094,2.149,2.24,2.252,2.255,2.449,2.672,2.765,3.021,3.049,2.835,2.816,2.732,2.827,2.936,3.024,3.02,3.081,3.003,2.899,2.838,2.793,2.88,2.666,2.761,2.792,2.712,2.5,2.444,2.372,2.304,2.133,2.12,2.089,1.967
HS.line.dead,load,Load,%,0,100,95,58.21,58.23,59.87,58.41,59.34,58.4,58.66,57.96,58.2,58.38,59.06,59.43,59.37,60.06,60.59,60.24,60.92,60.7,62.12,60.71,60.43,60.78,61.97,62.08,61.18,62.05,62.53,61.78,61.58,62.35,61.8,61.9,61.25,60.4,59.99,61.46,60.73,61.21,61.3,61.11,62.45,63.41,64.51,64.51,64.77,66.38,66,65.14,64.19,64.14,64.83,64.95,64.69,64.34,65.16,66.27,65.86,66.21,67,67.52
HS.elev,hook_load,Hook load,t,0,500,450,187.6,185,185.1,184.9,186.4,187.3,187.4,188.1,187.3,189,188.6,190.3,191.1,189.7,189,189.7,188.5,187.3,187.9,188.9,188.9,189.3,186.9,186.7,186.1,185.9,186.6,185,184.8,183.8,185.8,185.7,184.4,184.2,182.4,183.4,184.2,182.3,180.4,181.8,180.8,181.3,182,184.1,182.8,181.4,182.3,182,179.7,179.2,179.4,180.3,179.2,179.5,181.1,181.2,182.4,182.7,182,183.3
HS.elev,speed,Drum speed,rpm,0,120,100,64.79,65,64.96,64.7,64.31,64.19,63.77,65.14,65.11,64.28,63.05,63.21,63.78,63.38,63.15,62.79,61.77,62.14,61.4,60.75,61.59,60.73,60.06,59.85,61.04,60.26,60.42,60.07,60.22,60.78,60.27,60.06,59.76,59.49,58.96,58.29,58.67,57.59,56.76,54.7,55.06,56.12,56.68,56.79,57.4,57.68,57.61,57.91,57.28,56.98,57.29,57.33,57.82,57.41,57.75,57.45,57.46,56.74,56.41,55.12
HS.elev,brake_t,Brake disc temp,C,20,220,180,143.4,144.4,143.8,143.5,142.8,143.2,143.8,143.6,144.8,144.6,144.6,144.2,142,142.7,143.7,143.2,143.2,142.8,143.8,142.8,142.7,144.8,145.9,145,144.6,145.1,144,144.5,145.4,146.6,146.8,148.6,148.9,150.7,149.9,150.9,152.4,153.7,153.5,151.2,149.4,149.2,148.1,150.1,150.8,151.5,152.3,153.3,154.3,155.5,155.3,157.6,158.9,158.7,159.6,159.7,159.7,159.8,160.7,160.2
HS.elev,ton_mi,Line ton-miles,t-mi,0,1500,1400,1241,1241,1241,1241,1241,1241,1241,1241,1241,1240,1240,1240,1240,1240,1240,1240,1240,1240,1240,1241,1241,1240,1240,1240,1240,1240,1240,1240,1240,1240,1240,1239,1239,1239,1240,1240,1239,1240,1240,1240,1240,1240,1240,1239,1240,1240,1240,1240,1240,1239,1239,1239,1239,1239,1240,1240,1240,1240,1240,1240
HS.elev.links,temp,Temperature,C,0,120,100,44.38,44.56,44.67,44.6,44.4,44.55,44.43,44.28,44.05,43.94,44.07,44.21,44.53,44.9,44.92,45.32,45.12,45.33,44.78,44.35,43.89,44.2,43.9,43.42,43.17,43.41,43.33,42.93,43.21,43.63,43.27,43.75,44.42,44.57,44.62,44.62,44.84,44.58,44.96,45.15,44.86,45.05,44.6,44.49,44.99,44.99,45.33,45.53,45.91,46.05,45.62,45.59,45.24,45.2,44.9,45.48,45.44,45.18,45.67,45.46
HS.elev.links,vib,Vibration,mm/s,0,12,7.1,2.348,2.527,2.346,2.136,2.107,2.257,2.284,2.155,2.499,2.762,2.701,2.743,2.842,2.807,2.747,2.731,2.908,2.596,2.563,2.696,2.853,3.04,2.921,2.748,2.556,2.506,2.64,2.786,2.763,2.79,2.679,2.75,2.432,2.607,2.73,2.722,2.638,2.766,2.578,2.45,2.33,2.292,2.345,2.322,2.449,2.068,2.033,2.006,2.086,2.087,2.113,2.204,2.265,2.263,2.206,2.347,2.467,2.543,2.684,2.683
HS.elev.links,load,Load,%,0,100,95,58.93,58.84,59.25,59.39,59.51,59.56,60.44,60.81,59.62,58.69,59.47,59.48,58.78,58.18,56.51,58.32,58.81,58.71,59,59.21,59.24,58.98,57.18,57.67,57.48,56.62,55.92,55.23,54.58,53.8,53.67,53.01,52.87,52.15,52.41,52.36,51.39,50.98,51.51,51.64,52.92,52.68,52.54,51.83,52.54,51.95,51.16,50.94,51.15,52.65,52.99,52.79,52.89,53.43,52.27,51.24,52.2,52.76,52.1,51.4
HS.elev.elevator,top_p,Top pressure,bar,0,50,45,26.85,26.88,27.14,26.87,27.03,26.82,26.74,26.88,26.75,27.12,27.32,27.1,27.19,27.23,27.41,27.37,27.62,27.78,27.88,28.02,27.74,27.79,28,28.16,28.08,27.89,27.64,27.6,27.67,27.93,28.08,28.3,28.44,28.6,28.63,28.57,28.48,28.43,28.54,28.57,28.7,28.63,29.04,28.91,28.88,28.96,28.89,28.7,28.72,28.73,28.4,28.37,28.49,28.54,28.44,28.26,28.25,28.32,28.22,28.14
HS.elev.elevator,btm_t,Bottom temp,C,0,420,400,314.6,315.3,312.7,312.3,313.2,312.8,313.7,312.7,313.7,313.6,312.9,313.1,313.5,312.9,313.5,313.3,312.9,312.6,312.4,312.8,312.1,310.9,310.3,309.4,308.1,308.7,310.4,310.4,309,309.7,310.2,310.2,309.8,309.5,310.3,311.4,311.7,311.5,310.5,309.5,307.9,306.8,306.5,308.1,307.4,307.1,307,306.3,305.9,305.2,304.8,304.7,303.4,303.4,304.5,303.4,303.7,302.9,303.1,304.9
HS.elev.elevator,dp,Differential pressure,kPa,0,80,60,33.88,34.31,33.59,33.14,33.21,33.07,32.59,32.89,33.07,32.94,32.66,32.03,32.12,31.58,31.53,31.6,31.57,31.17,31.96,31.55,31.02,30.8,30.74,31.18,32.48,32.12,32.54,31.64,30.95,30.94,30.77,30.59,30.07,29.57,29.69,29.36,29,29.88,29.54,29.69,30.19,29.06,29.02,29.1,30.04,30.03,29.9,29.96,29.57,30.25,29.91,29.43,28.54,28.15,28.08,28.28,28.25,27.87,27.96,28.49
HS.elev.elevator,reflux,Reflux flow,m3/h,0,300,,134.8,135.6,134.2,133.9,134.6,138.2,137.1,135.7,137.8,135.7,133.1,133.1,134.1,134.4,134.8,132.8,131.8,132.9,131.5,132.7,132.9,133.9,133.4,134.1,136.3,137.1,136.1,135.1,133.3,133.9,135,135.2,136.4,138,137.8,137.4,139.3,141.6,142.9,142.3,140.6,142,139.6,139.9,139.4,140.6,140.2,137.1,137.4,140.5,140.4,139.9,140.3,138.2,137.4,138,137.7,138.1,138.6,138.6
HS.hook,hook_load,Hook load,t,0,500,450,181.1,180.4,181.9,182,182.3,182.6,181.6,182,182,179.5,177.2,179.7,182.5,182.5,183.9,185.8,186.2,187.2,185.6,185.6,184.7,185.3,187.7,188.8,187.9,187,187,187.1,186,184.4,185.2,183.8,186,188.2,185.9,186.9,187.9,189.8,188.3,187,186.2,188.4,189.4,190.6,190.9,191.8,192.9,193,194.6,192.6,194.2,196.3,195.9,194.5,194.6,194.8,196.1,195.6,194.9,195.1
HS.hook,speed,Drum speed,rpm,0,120,100,59.03,59.57,59.07,58.59,59.43,59.45,59.6,61.21,61.54,61.47,61.55,61.64,61.35,60.94,61.06,61.09,62.07,62.34,62.41,61.86,60.74,59.44,59.32,59.75,60.14,59.22,59.48,59.59,59.55,59.54,60.18,60.87,61.31,59.99,60.3,60.07,59.26,60.62,61.81,62,61.7,62.66,62.72,62.59,61.02,60.7,60.72,60.72,61.21,60.47,60.22,60.81,60.25,60.35,60.35,60.72,59.99,60.02,59.93,59.35
HS.hook,brake_t,Brake disc temp,C,20,220,180,145.8,145.7,145,144.2,144.6,144.1,142.9,143.7,144.8,144,144.3,145.4,146.6,146.4,145.8,146.4,144.4,143.8,143.2,142.8,142.5,142.1,142.5,142.6,142,140.3,138.1,137.7,135.6,135.2,136.3,136.4,138,137,135.1,134.2,135.3,136.1,136.7,135.2,134.8,133.7,133.4,133.3,131.4,133.4,135.3,134.8,134.5,136.2,136.7,135.8,135.8,136.8,138.2,138.4,137.1,135.9,137,136.2
HS.hook,ton_mi,Line ton-miles,t-mi,0,1500,1400,1239,1238,1239,1238,1238,1238,1238,1238,1238,1238,1237,1237,1237,1237,1237,1237,1237,1237,1236,1236,1236,1237,1237,1236,1236,1236,1237,1237,1237,1237,1237,1237,1237,1237,1237,1237,1237,1237,1236,1236,1236,1236,1236,1236,1235,1235,1235,1236,1235,1236,1235,1235,1234,1234,1234,1235,1235,1235,1235,1234
HS.hook.body,hook_load,Hook load,t,0,500,450,188.6,189.6,191,189.9,189.5,190.9,194.9,191,192.6,192.3,192.5,193.7,193.9,191.5,189.7,186.8,185.1,184.8,186.7,186.9,188.6,186.1,185,184.4,184.5,187.4,188.4,188.2,191.2,191.1,193,192.4,194.5,192.1,193.2,196,196.1,199.1,199.9,202.5,202.7,202.1,200,201.9,202.4,204.2,204.4,203.7,204.9,203,203.6,201.8,202.3,199.4,198.1,198.4,198.1,199,202.5,201.8
HS.hook.body,speed,Drum speed,rpm,0,120,100,62.14,61.08,61.16,61.48,62.68,62.4,61.52,62.27,63.3,64.34,65.01,65.03,64.97,64.97,63.81,64.23,63.08,63.53,63.59,64.94,64.32,63.56,62.69,62.08,61.11,61.09,61.42,61.74,61.35,61.85,62.68,63.32,63.17,63.39,64.08,64.75,63.99,63.99,64.28,62.64,62.66,63.57,64.34,64.79,65.62,65.54,65.48,64.89,65.49,65.35,66.26,67.27,67.88,68.65,68.71,69.45,70.58,70.04,70.36,70.75
HS.hook.body,brake_t,Brake disc temp,C,20,220,180,147.1,144.6,143.5,143.7,143.7,143.9,145,145.5,145,145.5,145,145.3,146.1,145.7,144.2,144.1,144.4,143.6,142.1,142.1,141.9,141.8,140.6,140.4,141.1,141.6,142.5,141,140.2,140.3,141.7,141.4,139.7,139.1,137.3,138,138.8,138,138.1,137.6,137.2,136.5,137.4,137.4,137.5,137.7,137.8,139,139.3,137.9,137.8,137,138.3,137,137.1,136.5,138.1,136.7,137,136.4
HS.hook.body,ton_mi,Line ton-miles,t-mi,0,1500,1400,1239,1239,1240,1239,1239,1240,1239,1239,1240,1240,1240,1240,1240,1240,1240,1240,1240,1240,1239,1239,1239,1239,1239,1239,1239,1239,1239,1239,1238,1238,1238,1239,1238,1238,1238,1238,1238,1238,1238,1238,1238,1238,1239,1239,1239,1239,1239,1240,1240,1240,1240,1240,1240,1241,1241,1241,1241,1241,1240,1240
HS.hook.latch,temp,Temperature,C,0,120,100,45.84,45.43,45.5,45.8,45.47,45.1,45.26,45.65,45.76,45.22,45.75,45.97,46.14,46.1,45.95,46.11,46.19,46.05,46.14,45.9,45.67,45.64,45.26,45.64,45.5,45.01,44.92,44.92,45.11,44.69,44.83,44.7,44.51,44.52,44.9,44.82,44.52,43.88,43.06,42.82,42.98,42.89,42.85,42.25,41.59,41.43,41.76,41.77,42.05,41.61,41.37,41.41,41.89,41.89,41.85,41.51,41.44,41.68,41.55,41.85
HS.hook.latch,vib,Vibration,mm/s,0,12,7.1,1.757,1.654,1.409,1.456,1.392,1.69,1.568,1.461,1.299,1.226,0.9671,0.7777,0.7804,0.805,0.9224,0.9471,0.9546,1.152,1.075,1.021,0.8111,1.002,1.028,0.891,0.755,0.9886,0.8656,0.8113,0.669,0.6959,0.6174,0.7489,0.5297,0.2962,0.2883,0.4451,0.2672,0.1156,0.2508,0.4355,0.2305,0.4434,0.4519,0.4219,0.3222,0.3336,0.5344,0.4713,0.2983,0.2401,0.31,0.2617,0.3084,0.1901,0.1698,0.3589,0.2165,0.0407,0.04356,0
HS.hook.latch,load,Load,%,0,100,95,54.14,54.68,54.74,54.76,54.51,52.9,53.25,52.84,52.25,51.58,51.47,50.76,50.95,51.65,51.72,51.34,50.75,50.26,49.28,48.68,49.04,48.91,48.81,48.39,48.45,48.58,49.08,48.9,48.73,49.37,49.52,48.85,49.2,49.41,49.89,49.43,48.65,48.18,48.64,48.18,47.04,46.28,45.09,44.73,44.47,44.2,45.47,46.01,45.37,44.94,45.02,44.69,44.72,45.52,45.32,44.1,45.02,44.06,44.74,46.13
HS.mast,hook_load,Hook load,t,0,500,450,177.3,177.2,179.5,177,176,176.5,176.9,178.8,179.8,177.7,179.5,179.5,179.4,181.4,182.4,181.7,181,180.2,180.2,179.6,179.3,179,179.1,180.3,179.5,177.8,177.8,176.3,174.1,174.2,176.9,175.5,176.6,177.3,177.6,176.5,177,176.7,177.1,175.9,174.1,173.2,173.4,171.5,172.3,173.4,172.8,172.1,171.2,170.1,168.4,170.2,169.4,168.3,169.1,169.4,169,169.6,168.2,166.3
HS.mast,speed,Drum speed,rpm,0,120,100,60.26,60.75,59.94,60.61,61.02,61.01,61.43,61,60.09,59.98,59.55,59.68,59.22,58.89,59,58.39,58.24,58.85,58.57,57.82,57.13,56.42,56.73,56.47,56.73,56.47,56.48,55.18,54.24,54.09,55.28,54.66,54.64,54.92,53.8,53.77,53.42,53.2,54.95,54.43,54.02,54.51,54.5,54.42,56.3,56.78,56.76,56.12,55.69,55.23,55.05,54.71,55.42,54.62,55.21,56.46,56.17,56.36,56.28,55.86
HS.mast,brake_t,Brake disc temp,C,20,220,180,152.5,152.6,153,152.7,151.7,150.6,150.8,151,151.1,151.6,151.4,150.6,152.7,153.9,153,152.8,153,153.7,153.3,153.3,153.2,155.1,154.3,154.6,153.6,155.5,154.8,155.5,155.5,156.1,155.4,156.4,157.7,157,156.7,157.4,157.3,159.2,160.5,160.7,160.6,160.6,160.8,158.9,158,157.9,157.3,157.8,157.7,158.7,157.2,157.5,156.9,157.6,158.1,157.1,157.9,157.6,158,156.2
HS.mast,ton_mi,Line ton-miles,t-mi,0,1500,1400,1240,1240,1240,1240,1240,1240,1240,1240,1241,1241,1241,1240,1241,1240,1240,1240,1241,1241,1241,1241,1241,1241,1241,1241,1240,1240,1240,1240,1240,1240,1240,1240,1240,1239,1239,1239,1239,1240,1240,1239,1239,1239,1239,1239,1239,1239,1239,1239,1238,1238,1239,1239,1239,1239,1239,1239,1239,1239,1238,1238
HS.mast.legs,temp,Temperature,C,0,120,100,44.39,44.05,44.32,44.39,44.24,44.04,44.4,45.41,46.08,46.37,45.83,45.77,45.61,45.93,45.89,45.6,45.24,45.57,45.62,45.94,46.18,46.8,46.78,46.5,46.76,46.33,46.51,46.94,47.16,47.13,47.25,46.87,46.42,46.28,46.43,46.58,47.22,46.64,46.16,45.75,46.29,46.3,46.72,46.85,47.74,48.16,47.98,47.52,47.89,47.56,47.49,47.62,48.1,48.12,48.29,47.9,47.82,48.15,47.81,47.56
HS.mast.legs,vib,Vibration,mm/s,0,12,7.1,1.99,1.801,2.073,2.092,1.982,2.066,1.85,1.917,1.939,1.87,1.81,1.976,2.177,2.04,2.093,2.235,1.926,1.633,1.761,1.746,1.911,1.902,2.159,2.256,2.402,2.459,2.331,2.151,2.106,2.188,2.416,2.366,2.27,2.227,2.249,2.207,2.375,2.426,2.27,2.349,2.511,2.583,2.558,2.501,2.5,2.417,2.386,2.413,2.434,2.362,2.469,2.617,2.708,2.599,2.405,2.473,2.55,2.495,2.651,2.816
HS.mast.legs,load,Load,%,0,100,95,61.59,60.64,61.06,61.55,60.95,61.8,60.56,59.43,59.57,59.01,57.99,58.03,58.35,58.54,59.21,58.43,58.92,59.62,58.82,59.15,59.56,59.71,59.64,60.25,60.23,60.19,59.96,59.8,59.66,59.48,58.96,57.96,57.15,56.73,56.05,56.68,56.26,56.12,55.42,55.56,55.23,55.38,55.83,54.87,54.25,54.59,54.35,54.98,54.24,53.15,52.8,51.49,51.54,51.08,52.14,51.9,51.74,51.54,51.05,51.28
HS.mast.girts,temp,Temperature,C,0,120,100,44.25,44.43,44.39,43.86,44.05,44.06,43.81,44.37,43.99,44.21,44.24,44.63,44.49,43.96,43.64,43.3,43.05,43.9,44.11,43.56,43.39,43.66,42.94,42.98,43.1,42.7,42.54,42.66,42.28,42.7,43.03,42.5,42.28,41.63,41.73,42.14,42.74,43.01,43.11,42.77,43,43.44,43.61,43.83,43.86,43.9,44.13,44.24,44.38,44.4,43.82,44,44.16,44.01,44.26,43.82,43.98,44.28,43.84,43
HS.mast.girts,vib,Vibration,mm/s,0,12,7.1,1.603,1.637,1.496,1.386,1.49,1.258,1.036,0.9862,1.025,1.083,1.119,1.169,1.064,1.163,1.173,1.212,1.373,1.646,1.737,1.694,1.782,1.878,1.818,1.942,1.871,1.844,1.884,1.908,1.914,2.08,2.233,2.207,2.348,2.338,2.371,2.587,2.42,2.578,2.448,2.513,2.502,2.486,2.476,2.264,2.157,2.187,2.185,2.183,2.428,2.464,2.299,2.214,2.403,2.534,2.638,2.604,2.52,2.715,2.724,2.394
HS.mast.girts,load,Load,%,0,100,95,56.18,56.81,56.05,55.59,55.27,55.85,57.51,57.41,57.73,57.09,57.45,57.52,58.51,57.97,56.58,56.34,55.97,55.74,57.14,56.39,55.74,55.31,54.88,54,53.53,52.65,52.01,52.72,52.48,51.69,51.67,51.16,50.71,49.56,48.93,49.54,50.54,50.71,50.92,52.15,51.74,52.96,53.12,53.68,52.74,52.05,52.41,52.57,51.97,51.64,50.76,50.38,51.11,50.07,49.89,48.88,47.68,48,47.74,47.7
HS.mast.braces,temp,Temperature,C,0,120,100,46.62,46.46,46.61,46.79,46.64,46.53,46.59,46.05,46.15,46.08,46.34,46.75,46.77,46.5,46.03,46.34,46.23,46.23,46.23,46.4,47.01,46.88,47.4,47.52,47.69,48.37,47.57,47.87,48.14,48.07,48.22,48.44,48.23,48.77,48.72,48.17,48.03,47.97,48.14,48.64,47.99,47.84,47.48,47.16,47.64,48.07,47.68,47.87,47.49,47.58,47.15,46.93,46.87,46.9,46.04,46.19,46.02,46.33,46.46,46.25
HS.mast.braces,vib,Vibration,mm/s,0,12,7.1,1.449,1.247,1.187,1.387,1.532,1.579,1.731,1.55,1.523,1.69,1.793,1.803,2.14,2.267,2.282,2.286,2.304,2.239,2.452,2.536,2.442,2.536,2.751,2.641,2.577,2.655,2.634,2.675,2.563,2.441,2.428,2.278,2.429,2.603,2.542,2.512,2.446,2.641,2.655,2.681,2.56,2.472,2.688,2.553,2.669,2.609,2.882,3.11,3.207,3.293,3.098,3.165,3.197,3.125,3.203,3.334,3.362,3.32,3.317,3.382
HS.mast.braces,load,Load,%,0,100,95,61.11,60.55,60.31,61.04,60.71,61.95,62.48,62.83,62.13,60.89,60.02,59.96,60.22,61.2,60.06,59,59.03,58.46,58.69,58.13,58.81,59.23,58.02,57.75,58.39,58.05,57.69,58.81,57.7,57.41,57.14,56.15,56.76,57.03,56.75,56.9,57.82,58.36,58.2,57.29,56.23,56.85,57.1,56.23,55.39,55.5,56.34,56.29,56,56.16,56.94,55.04,55.02,55.74,54.9,54.29,54.36,54.89,53.91,53.64
HS.mast.racking,flow,Flow,m3/h,0,800,720,327,326.3,327.8,325.3,327.2,326,326,328.6,329.4,330.5,331.1,329.9,330,331.6,327.9,325.7,328.4,328,330.2,329.9,327.9,327,328.1,327.1,327.3,327.6,326.3,328.3,327.7,325.9,327.7,329.1,324.1,321.7,323,320.5,319.8,319.3,321.1,318.4,318.6,318.8,317.9,318.2,319.1,318.1,315,314.8,315.9,313.3,311.5,311.2,310.7,311.3,309.5,309.4,309.2,309.5,311.5,310.7
HS.mast.racking,press,Pressure,bar,0,120,100,65.12,65.32,65.16,65.06,64.98,64.51,64.21,64.25,64.27,64.44,64.43,64.34,64.02,63.92,63.76,64.35,64.61,64.62,64.32,64.49,64.24,64.28,64.59,64.94,64.18,64.69,64.74,65.06,64.78,64.13,64.2,63.94,63.9,64.3,64.93,65.33,65.23,64.9,64.88,64.39,64.14,64.68,64.92,64.96,65,64.77,64.61,64.24,63.89,64.48,64.95,65.03,65.38,65.04,65.05,65.73,65.49,65.64,65.97,65.38
HS.mast.racking,temp,Temperature,C,-170,150,,37.18,37.48,37.78,37.84,38.22,38.01,38.35,38.83,39.2,38.62,38.93,38.75,38.42,38.39,38.5,38.51,38.31,37.78,38.04,37.83,38.1,38.4,38.55,38.29,38.46,38.96,38.47,38.43,38.79,38.35,38.36,38.38,38.52,38.89,38.88,39.16,39.35,39.35,39.39,39.19,39.62,39.17,39.36,39.4,39.57,40.03,39.84,39.88,39.68,39.38,39.27,39.48,39.74,39.77,39.68,39.92,40.03,39.97,39.99,40.25
HS.mast.racking,wall,Wall loss,%,0,30,20,6.384,6.378,6.378,6.383,6.379,6.373,6.354,6.358,6.362,6.358,6.356,6.354,6.354,6.355,6.344,6.353,6.352,6.361,6.342,6.335,6.339,6.351,6.341,6.344,6.34,6.344,6.35,6.352,6.353,6.34,6.348,6.346,6.352,6.353,6.357,6.354,6.367,6.36,6.368,6.353,6.342,6.351,6.346,6.353,6.35,6.346,6.341,6.351,6.358,6.376,6.372,6.376,6.373,6.375,6.375,6.369,6.377,6.363,6.361,6.35
HS.mast.ladder,temp,Temperature,C,0,120,100,44.44,44.39,44.78,44.14,43.81,44.16,44.15,44.11,44.58,44.71,44.52,45.27,44.97,44.86,45.06,44.96,45.17,45.57,45.08,45.07,45.45,45.38,45.69,45.5,45.64,45.98,45.93,45.77,45.3,44.88,45.05,45.21,45.05,44.64,44.08,43.68,43.78,43.86,43.48,43.85,43.99,44.01,43.87,43.62,42.89,42.86,42.88,42,41.71,41.4,41.54,41.39,41.71,41.44,41.25,41.26,41.3,40.75,40.26,40.25
HS.mast.ladder,vib,Vibration,mm/s,0,12,7.1,1.703,1.829,1.843,1.791,1.788,1.627,1.791,1.883,2.067,2.241,2.538,2.58,2.278,2.329,2.275,2.199,2.207,2.119,1.962,2.039,1.948,1.979,2.174,2.177,2.286,2.548,2.483,2.457,2.439,2.235,2.301,2.238,2.299,2.224,2.007,1.812,1.694,1.931,1.981,2.092,1.955,2.255,2.23,2.062,2.178,2.257,2.337,2.325,2.474,2.531,2.68,2.568,2.618,2.688,2.46,2.744,2.946,2.787,2.827,2.655
HS.mast.ladder,load,Load,%,0,100,95,62.28,62.27,62.14,60.69,60.9,60.56,60.49,59.38,59.99,60.13,61.06,61.11,60.76,61.35,60.81,60.41,59.29,57.84,57.9,58.61,58.72,58.01,57.55,58.29,57.73,57.31,56.94,56.89,57.54,57.72,57.91,55.93,56.84,56.74,56.74,56.31,56.17,55.33,54.86,55.28,55.27,55.59,57.07,56.8,57.01,57.32,58.17,59.04,59.38,59.54,59.63,59.15,58.87,58.21,60.15,60.61,60.83,61.37,61.54,61.81
HS.mast.raising,temp,Temperature,C,0,120,100,45.54,45.61,45.65,46.07,46.19,45.82,45.91,45.12,44.78,44.83,45.12,44.7,43.98,43.9,43.87,44.02,44.04,44.31,44.37,44.61,44.82,44.69,44.24,44.22,44.6,44.54,44.23,43.99,44.05,43.83,43.81,43.25,42.87,43.46,43.2,43.35,43.76,43.85,43.81,43.97,43.87,43.71,44.16,44.59,44.74,44.72,44.96,44.65,43.94,43.65,43.64,43.3,43.09,43.13,43.18,43.16,42.99,42.85,42.54,42.43
HS.mast.raising,vib,Vibration,mm/s,0,12,7.1,2.779,3.182,3.2,2.963,2.668,2.542,2.499,2.51,2.721,2.687,2.665,2.534,2.553,2.502,2.638,2.749,2.557,2.632,2.314,2.406,2.291,2.31,2.244,2.047,2.082,2.039,1.836,1.829,1.639,1.635,1.699,1.624,1.571,1.333,1.217,1.204,1.246,1.064,1.224,1.156,1.254,1.157,1.379,1.191,1.129,1.369,1.183,1.214,1.089,1.058,1.173,1.245,1.245,1.391,1.421,1.599,1.598,1.713,1.917,1.751
HS.mast.raising,load,Load,%,0,100,95,55.49,56.51,56.4,55.63,55.55,56.48,56.94,56.7,56.79,57.06,57.91,57.19,57.58,57.59,58.66,58.88,59.43,58.79,58.57,58.31,58.65,58.51,59.68,59.31,60.59,60.82,60.53,59.1,60.28,61.1,63.01,62.64,61.99,61.62,62.12,61.32,60.95,60.32,60.34,60.88,61.08,60.69,61.43,62.52,62.3,61.16,61.53,62.45,61.32,61.47,61.26,62.59,62.97,63.56,64.05,63.71,63.8,63.98,64.33,64.73
HS.tb,hook_load,Hook load,t,0,500,450,181.1,182,183.1,183.2,184.2,183.7,182.8,181.4,181.5,181.9,181.1,183.6,183.1,181.3,179.6,179.9,179.8,182.4,183.9,185,186.4,186.4,186.3,185,187.5,189.7,190.6,191.2,190.1,189.6,189.1,191.2,194,194,193.7,195.3,196,196.8,194.1,195.6,198,198.7,197.9,197.8,199.4,199.9,198.7,198.2,198.6,196.5,198.9,200.9,199.3,199.2,199.2,199.4,200.4,200.5,201.1,203.4
HS.tb,speed,Drum speed,rpm,0,120,100,65.08,65.57,65.94,64.69,63.43,62.62,63.36,63.62,63.58,63.38,63.35,63.93,63.88,64.09,64.19,65.96,66.41,66.32,66.41,65.15,64.34,64.62,64.26,62.22,62.14,62.27,62.91,61.69,61.61,62.34,62.22,61.22,61.85,62.15,61.2,59.98,60.99,61.22,61.57,62.03,62.05,60.51,60.21,59.39,59.33,59.56,60.52,60.37,60.49,59.9,60.22,60.05,59.93,60.43,59.19,58.8,57.86,58.47,57.88,57.3
HS.tb,brake_t,Brake disc temp,C,20,220,180,144.4,143.8,145.1,144.8,146.4,144.3,145.4,144.8,144,143.2,144.5,144.2,143.3,143.7,144,144.3,145.2,145.9,145.5,146.4,147.7,147.7,147.5,146.7,146.6,145.2,143.9,142.8,143.3,142.9,142.4,142.3,143.1,142.6,142.7,142.4,140.6,140,139,137.3,137.5,139.1,141.2,142.9,144.2,142.7,142.1,142.3,143.9,143.4,144.5,145.4,145.3,146.4,146.8,146.3,146.1,145.4,144.7,143
HS.tb,ton_mi,Line ton-miles,t-mi,0,1500,1400,1240,1240,1240,1241,1241,1241,1241,1240,1240,1241,1241,1241,1241,1241,1241,1241,1241,1241,1241,1241,1241,1241,1240,1241,1241,1241,1241,1241,1241,1241,1241,1241,1240,1241,1240,1240,1240,1240,1241,1241,1241,1241,1241,1241,1241,1240,1241,1240,1241,1241,1241,1241,1241,1241,1241,1241,1241,1240,1240,1240
HS.tb.sheaves,temp,Temperature,C,0,120,100,48.01,47.71,47.92,48.07,48.35,48.68,48.55,48.64,48.6,48,47.47,47.62,47.76,47.92,47.33,46.76,46.99,47.34,46.95,46.92,46.86,46.64,46.9,47.12,46.75,47.48,47.1,47.25,47,47.24,47.55,46.91,46.83,47.02,46.85,46.37,46.14,46.11,46.13,46.16,46.1,46.24,46.72,47.08,47.21,47.31,47.51,47.07,46.8,46.65,47,47.62,47.88,48.65,48.27,48.6,48.3,48.54,48.11,48.1
HS.tb.sheaves,vib,Vibration,mm/s,0,12,7.1,2.154,2.174,2.254,2.607,2.436,2.342,2.266,2.317,2.413,2.557,2.486,2.345,2.224,2.171,2.27,2.269,2.314,2.586,2.536,2.518,2.798,3.016,2.889,2.976,3.032,2.883,2.958,2.701,2.737,2.536,2.702,2.693,2.747,2.643,2.604,2.637,2.569,2.385,2.413,2.297,2.318,2.475,2.243,2.322,2.102,2.194,2.157,2.12,2.091,1.996,2.029,2.192,2.141,2.014,2.064,2.158,2.263,2.075,2.044,2.025
HS.tb.sheaves,load,Load,%,0,100,95,58.71,57.7,58.69,59.13,58.41,58.65,58.01,56.6,56.99,57.52,57.82,58.1,58.54,56.77,57.52,58.38,57.79,58.83,59.71,60.72,60.09,60.09,60.58,61.31,60.15,60.44,60.56,60.02,60.92,61.57,61.91,60.95,61,61.62,61.19,61.04,60.61,61.08,60.99,61.69,60.32,61.08,60.05,59.05,58.7,59.03,57.81,56.68,55.11,56.49,56.61,56.65,57.25,57.61,56.93,57.51,57.07,57.86,57.37,57.77
HS.tb.shell,hook_load,Hook load,t,0,500,450,187.8,187,183.3,182.3,182.3,182.2,183.3,183.9,183.4,184.3,186.1,187.3,185.3,186.1,187.8,186.8,186.7,184.1,185,182.9,183.9,183,186.1,185.3,186.2,184.8,184.4,184.9,185.1,184.7,183.8,183.9,186.7,185.5,182.4,183.5,179.9,179.5,179.9,180.5,184.4,184.1,183.2,182.2,181.8,179.5,177.7,178.6,178.6,177.1,176.4,177.6,177.4,176,176.7,178,177.9,176.2,176.2,176.4
HS.tb.shell,speed,Drum speed,rpm,0,120,100,65.09,65.09,65.47,66.09,65.85,65.41,65.16,64.05,63.89,64.69,64.74,65.04,65.21,64.53,64.34,64.13,64.59,65.33,65.77,67.1,67.53,67.95,68.73,69.27,69.17,68.98,69.56,69.72,69.65,68.54,68.92,69.8,68.72,69.79,69.02,67.96,68.26,69.53,70.22,69.79,68.76,68.97,68.7,69.01,68.72,67.99,67.55,67.88,67.78,67.17,66.39,66.52,66.07,66.39,65.78,64.47,64.92,64.42,65.48,65.16
HS.tb.shell,brake_t,Brake disc temp,C,20,220,180,143.1,144.4,145.7,145.3,145.3,145.1,145.5,145.5,146.7,148.2,146.3,145.5,144.8,144.9,144.5,143.6,142.6,143.1,144.8,145,145.2,147.2,147.2,146.2,145.4,145.1,147.1,147.2,147.8,147.8,148.8,148.6,147.9,147.9,147.7,147.8,149.1,148.9,149.5,149.7,150.3,150.8,151.9,151.9,151.9,152.3,152.8,152.9,152.5,153,153.3,151.9,150.9,150.6,150.3,150.4,149.8,150.4,149.4,148.5
HS.tb.shell,ton_mi,Line ton-miles,t-mi,0,1500,1400,1239,1239,1239,1239,1239,1239,1239,1239,1239,1240,1240,1240,1240,1240,1239,1240,1240,1239,1239,1240,1240,1240,1240,1239,1239,1239,1239,1239,1238,1239,1239,1239,1239,1239,1239,1239,1238,1238,1238,1238,1237,1238,1238,1238,1238,1237,1237,1237,1236,1236,1236,1236,1236,1236,1236,1236,1236,1236,1236,1236
HS.tb.becket,temp,Temperature,C,0,120,100,45.59,45.32,44.73,44.5,44.51,44.45,45.19,44.85,44.63,44.62,44.56,44.46,44.32,44.33,44.63,45.29,44.89,44.89,45.48,45.39,44.87,45.04,45.22,44.73,44.42,44.32,44.44,43.68,43.54,44.06,43.82,43.87,44.21,44.29,43.91,44.09,44.62,44.8,44.74,44.75,44.87,44.86,44.72,45.31,45.65,45.74,45.94,46.36,45.86,45.92,45.91,45.99,45.94,46.05,45.81,45.41,45.83,45.41,45.15,44.58
HS.tb.becket,vib,Vibration,mm/s,0,12,7.1,1.934,1.874,2.072,2.046,2.137,2.219,2.356,2.352,2.579,2.522,2.589,2.68,2.654,2.87,2.858,2.809,2.743,2.915,2.862,2.892,2.822,2.918,2.933,2.883,2.907,2.904,2.766,2.694,2.52,2.532,2.389,2.344,2.377,2.483,2.542,2.241,2.084,2.051,2.162,2.235,2.181,2.086,1.882,1.538,1.637,1.756,1.842,1.701,1.796,1.884,1.942,1.693,1.768,1.705,1.765,1.531,1.366,1.357,1.278,1.248
HS.tb.becket,load,Load,%,0,100,95,53.43,52.21,54.28,54.25,54.51,54.26,53.34,53.32,52.84,53.47,54.08,53.53,53.75,52.98,53.66,54.27,54.83,53.66,53.79,52.47,52.97,52.47,52.59,52.05,51.88,50.69,50.46,51.07,50.67,51.22,51.34,50.94,52.2,53.18,52.34,52.8,52.43,51.25,51.66,51.67,51.64,51.4,50.12,49.2,47.99,48.42,48.27,47.5,46.55,46.56,45.87,45.01,45,44.82,44.43,44.63,44.23,44.27,44.63,44.5
RS.rt,torque,Torque,kNm,0,80,72,41.2,41.15,41.05,41.29,41.23,40.77,40.05,39.63,39.11,38.71,38.59,37.86,37.84,37.8,38.1,38.37,38.33,38.66,38.57,38.93,39.1,39.42,39.61,39.65,39.27,38.5,37.93,38.23,38.62,38.25,38.24,38.5,38,37.51,36.67,35.58,35.43,35.54,35.29,35.24,35.36,34.81,34.71,34.65,35.1,34.62,34.53,33.84,34.45,34.24,35.06,35.17,34.67,35.07,35.77,35.35,35.2,35.65,34.91,34.33
RS.rt,rpm,Rotation,rpm,0,220,200,121.6,120.2,121.2,121.7,120.6,121.4,121.8,121.1,120.9,121.5,120.9,121.1,121.2,121.6,120.2,120.3,120,121.1,121.7,122.6,122.6,123.4,125.5,124.8,124.1,124.3,123.8,123.3,122.5,121.4,121.8,121,121.6,121.6,122.6,121.7,120.8,121.4,122.1,121.7,123.1,122.6,123.1,122.2,122.9,122,121.7,121.5,121.5,120.8,120.2,118.8,118.8,119.9,120.5,119.6,118.9,119,118.8,118
RS.rt,vib,Vibration,mm/s,0,15,9,3.479,3.33,3.238,3.371,3.801,3.879,3.678,3.574,3.511,3.601,3.489,3.419,3.549,3.602,3.466,3.571,3.466,3.568,3.883,3.75,3.924,3.971,4.355,4.113,4.367,4.623,4.818,4.921,5.002,5.08,4.911,5.204,5.27,4.965,5.035,4.973,4.784,4.516,4.679,4.39,4.488,4.304,4.397,4.107,4.26,4.002,3.726,3.628,3.466,3.39,3.515,3.525,2.794,3.018,3.172,3.345,3.289,3.29,3.563,4.055
RS.rt,temp,Gearbox temp,C,20,120,100,72.83,72.52,72.21,71.29,71.67,71.43,72.41,72.51,72.21,72.25,72.46,72.47,72.55,72.98,72.84,72.68,72.66,73.01,72.8,73.15,73.38,73.77,73.49,73.31,73.33,73.24,73.64,73.68,73.86,73.19,72.66,72.27,72.65,72.91,72.49,72.09,72.45,72.71,73.13,72.95,73.03,72.97,73.44,73.46,73.11,73.65,73.7,73.36,73.17,72.88,72.87,72.97,72.89,72.71,72.51,72.2,72.43,72.09,71.46,71.2
RS.rt.table,hook_load,Hook load,t,0,500,450,181.6,181.4,182.8,183.8,182.5,183.9,183.3,184.8,182.8,183.5,182.3,181,181.9,182.2,182.3,182.2,186.8,187.6,187.3,187.9,184.9,184.5,183.1,182.2,183,185.1,185.6,186.1,186.2,188.5,190.2,187.7,186.3,185.8,185.1,184.9,184.8,182.1,181.3,181.8,181.1,181.1,179,179.3,178.5,177.6,179.7,183.2,181,178.5,177.1,176,177.5,176.5,177.7,174.8,175.1,173.7,173.8,172.7
RS.rt.table,speed,Drum speed,rpm,0,120,100,62.21,62.89,61.66,61.28,60.77,59.96,59.78,61.2,61.03,60.41,59.96,59.55,58.72,58.29,57.3,57.18,57.6,56.89,56.87,55.82,55.69,55.21,55.45,56.09,56.22,56.21,56.59,55.21,53.31,53.85,53.83,53.57,53.54,53.53,53.71,53.58,53.94,53.74,54.26,54.58,53.54,53.7,52.32,51.86,51.59,52.15,52.32,52.12,50.88,51.93,50.95,51.38,51.13,51.34,50.83,50.94,50.59,50.51,49.5,49.77
RS.rt.table,brake_t,Brake disc temp,C,20,220,180,146.3,147.2,147.9,147.7,147.8,147.7,146.9,146.9,147.2,145.1,145.6,145.2,144.5,144.9,144.6,144.7,142.8,141.9,141.2,141.5,141,140.2,140.4,138.7,139.7,138.9,138.6,137.5,137.4,137.2,136.1,136.1,135.7,135.2,136.1,135.6,134.2,132.3,131.2,132.3,131.8,131.2,131.2,130.2,131.2,131.6,131.6,131.6,130.4,130.9,131.2,130.9,130.8,131,130.6,130.9,129.2,127.2,128.3,128.4
RS.rt.table,ton_mi,Line ton-miles,t-mi,0,1500,1400,1242,1242,1241,1241,1241,1241,1242,1242,1241,1242,1242,1242,1241,1242,1242,1242,1242,1243,1242,1243,1243,1243,1243,1243,1244,1243,1244,1243,1243,1242,1243,1243,1243,1243,1243,1243,1242,1242,1242,1242,1242,1241,1241,1241,1242,1242,1242,1242,1242,1242,1242,1242,1242,1243,1243,1243,1243,1243,1243,1243
RS.rt.slips,temp,Temperature,C,0,120,100,47.73,47.31,47.07,47.74,47.67,47.77,48.08,48.17,48.5,48.3,48.17,48.47,48.87,48.68,48.55,48.33,48.22,48.35,48.59,48.04,47.92,47.91,47.75,47.62,47.21,47.37,47.17,47.41,47.43,47.14,47.33,47.45,47.47,47.69,47.56,47.16,46.46,45.95,45.62,45,44.96,44.69,44.98,45.11,45.17,45.42,45.62,45.93,45.86,45.84,46.18,46.13,46.11,45.64,45.87,45.69,45.93,46.03,46.02,45.54
RS.rt.slips,vib,Vibration,mm/s,0,12,7.1,2.573,2.316,2.24,2.229,2.13,2.196,2.175,2.127,2.01,2.128,2.213,2.145,2.182,2.053,2.475,2.624,2.622,2.692,2.55,2.383,2.399,2.36,2.27,2.231,2.432,2.345,2.61,2.839,2.972,3.151,3.238,3.292,3.174,3.201,3.146,3.262,3.357,3.504,3.606,3.524,3.495,3.558,3.444,3.259,3.418,3.521,3.614,3.391,3.282,3.413,3.425,3.324,3.34,3.379,3.414,3.356,3.405,3.485,3.39,3.41
RS.rt.slips,load,Load,%,0,100,95,54.7,56.82,57.6,57.15,56.77,56.77,55.92,56.97,58.21,56.51,55.93,56.04,56.08,55.62,56.32,55.66,54.89,54.9,55.55,55.06,54.7,54.19,54.17,55.25,55.51,54.8,54.43,54.96,54.76,53.56,53.86,53.87,53.64,53.71,52.37,52.66,50.64,50.54,49.95,49.9,49.56,49.25,49.12,48.67,47.63,48.05,48.26,48.65,48.13,47.17,46.75,46.49,45.54,46.39,44.58,45.02,44.5,44.65,44.09,44.12
RS.rt.drive,current,Current,A,0,900,800,406.9,404,408.1,406.3,405.6,405.6,403.8,402.5,403.9,404.3,404.4,398,396.7,395.4,394.7,395.1,392,394.6,396.6,397.6,401.6,405.2,404.3,401.8,401.1,401.2,403,396.4,398.8,400,399.8,399.2,398.3,399.1,400.2,402.7,407.4,408.8,413,415.7,421,426.7,424.7,434.5,438.5,446.3,448.8,453.7,454.2,456.6,463.3,468.3,476.4,483.8,486.3,494.5,500.9,505,506.1,511.2
RS.rt.drive,winding_t,Winding temp,C,20,160,140,88.67,89.15,89.17,89.54,89.3,89.48,89.74,88.99,88.45,88.39,87.77,86.28,86.5,86.63,86.74,85.7,86.11,86.54,86.29,86.38,85.03,84.85,84.14,84.59,84.55,84.5,85.17,84.84,86.18,86.61,86.55,86.35,85.76,85.85,86.52,86.15,85.74,85.18,84.51,84.61,83.78,83.37,83.69,83.39,83.2,84.47,84.74,83.93,83.92,83.62,83.55,83.44,83.05,83,82.66,82.01,81.52,81.35,81.1,80.46
RS.rt.drive,vib,Vibration,mm/s,0,12,7.1,1.223,1.273,1.227,1.119,1.143,1.133,1.262,1.18,1.052,1.192,1.163,1.126,1.094,1.251,1.265,1.184,1.189,1.491,1.627,1.767,1.689,1.465,1.229,1.02,1.019,1.28,1.203,1.277,1.272,1.259,1.168,1.358,1.461,1.684,1.81,1.727,1.71,1.708,1.939,1.983,1.913,1.971,1.885,1.782,1.934,2.049,2.009,2.352,2.476,2.524,2.664,2.549,2.493,2.8,2.764,2.549,2.539,2.469,2.485,2.358
RS.rt.drive,load,Load,%,0,100,95,71.34,72.69,72.55,71.83,71.77,71.27,71.61,70.36,70.1,70.25,69.36,69.34,70.05,69.32,69.16,69.86,68.92,69.89,69.68,68.84,67.25,67.35,66.89,66.63,67.21,67.96,67.81,68.12,67.81,68.01,69.45,69.1,69.47,67.41,67.5,68.95,68.35,68.02,67.19,67.51,67.65,66.81,67.15,67.82,67.89,67.17,65.78,64.84,63.53,62.93,62.94,63.02,63.16,63.09,62.85,63.16,63.8,64.14,63.93,63.72
RS.rt.lock,temp,Temperature,C,0,120,100,46.68,46.53,45.75,45.36,45.7,46.18,46.6,46.8,46.91,47.18,47.94,48.08,48.2,47.9,48.07,48.15,48.51,48.28,48.36,48.28,48.56,48.02,47.9,47.54,48.13,48.89,48.21,48.13,48.67,48.12,48.94,49.07,49.3,49.13,48.67,48.82,49.17,49.69,49.3,49.13,49.35,49.86,50.01,50.47,50.84,50.75,51.15,51.45,52.05,51.94,52.01,51.53,51.29,51.45,51.56,51.79,51.22,51.62,51.94,51.44
RS.rt.lock,vib,Vibration,mm/s,0,12,7.1,2.302,2.051,2.026,1.847,1.855,1.86,1.777,1.826,1.807,1.972,1.857,1.788,1.59,1.844,1.675,1.772,1.682,1.632,1.504,1.687,1.583,1.574,1.705,1.694,1.761,1.751,1.816,1.907,1.919,1.706,1.414,1.226,1.334,1.38,1.096,1.316,1.459,1.597,1.563,1.25,1.234,1.489,1.802,1.9,1.937,1.923,2.025,2.141,2.195,2.397,2.185,2.304,2.056,2.175,1.929,1.94,1.776,1.909,1.897,1.782
RS.rt.lock,load,Load,%,0,100,95,62.34,62.14,60.96,60.55,60.73,61.11,62.5,61.19,61.74,62.6,62.92,62.61,63.16,63.66,63.02,63.08,62.69,62.99,63.08,62.9,64.57,64.1,64.19,64.88,64.67,65.75,65.32,64.99,66.69,66.61,67.24,66.39,66.42,66.16,66.82,67.14,67.41,67.97,66.64,66.76,66.82,67.86,67.53,67.97,69.19,70.04,71.23,70.31,69.6,69.93,70.33,70.57,70.65,70.28,69.73,71.1,71.46,71.05,70.99,71.22
RS.td,current,Current,A,0,900,800,418.7,418.1,416.5,414.7,418.9,418.3,414.7,416,411.8,414.1,417,417.1,419.4,422,422.6,424.2,418.3,417,415.9,416.6,417.5,411.6,412,409.5,408.1,406.6,408.5,409,413.6,415.8,415.2,415.4,408.1,408.9,409.2,414.2,414.7,416.8,420,420.8,417.6,419.2,418.4,421.2,420.2,416,414.4,414.1,414.3,410.3,406.4,404,404.3,400.4,400.5,396.3,395.7,396.7,391.7,388.8
RS.td,winding_t,Winding temp,C,20,160,140,87.69,87.62,87.88,88.22,88.61,88.56,88.77,88.28,88.14,87.56,87.62,86.72,86.54,86.63,86.79,87.63,87.26,87.37,87.41,87.87,88.56,88.37,88.5,88.97,89.61,89.6,90.37,90.88,90.58,91.32,91.13,90.97,90.99,91.03,89.65,89.51,89.46,89.8,89.23,89.19,89.63,89.42,89.73,90.89,91.29,91.59,91.21,91.99,92.09,93.47,94.15,93.96,94.18,92.9,93.42,93.94,93.58,93.84,93.42,93.26
RS.td,vib,Vibration,mm/s,0,12,7.1,2.208,2.402,2.229,2.047,1.937,2.007,1.783,1.744,1.61,1.665,1.95,1.994,2.178,1.915,1.763,1.726,1.92,2.1,2.114,2.027,1.829,1.878,1.748,1.683,1.848,1.738,1.915,2.12,2.056,2.224,1.984,1.857,1.75,1.962,1.921,1.961,2.033,1.945,1.792,1.758,1.995,2.149,2.128,2.255,2.235,2.138,2.228,2.128,2.249,2.392,2.385,2.441,2.331,2.371,2.281,2.181,2.303,2.432,2.578,2.614
RS.td,load,Load,%,0,100,95,69.08,68.35,67.99,68.17,68.19,67.49,67.05,66.04,65.03,64,63.35,63.98,64.82,63.99,64,63.88,64.55,65.37,65.81,65.26,65.34,65.5,65.82,67.45,67.28,68.01,69.41,69.8,69.45,68.15,68.89,69.11,69.2,68.99,69.37,69.93,70.7,70.8,71.27,71.95,70.17,69.35,69.39,68.6,68.98,69.93,69.74,70.26,70.22,69.75,69.41,68.73,68.42,67.31,66.15,64.73,64.47,64.86,65.12,66.58
RS.td.motor,current,Current,A,0,900,800,409.5,409.8,411.1,409.8,411.3,411.4,407.2,408,408.3,410.2,416.1,414.8,414.9,417.7,419,419.3,421.1,417.9,415.6,416.7,415.6,416.4,413.6,411.9,416.7,410.1,411.4,411.1,413.3,414.8,418.9,418.3,420.6,420.6,417.9,413.2,414.3,414.6,409.8,408.4,414.1,412,414.1,413.4,414.3,415.3,416.7,424.3,424.5,425.6,424.2,426.3,427.4,431.1,435.4,436,436.5,434.4,431.7,423.5
RS.td.motor,winding_t,Winding temp,C,20,160,140,88.34,88.68,89.32,89.21,89.55,90,90.39,89.99,90.15,90.38,91.36,91.59,91.3,92.03,92.25,92.18,91.75,92.07,92.12,91.64,90.92,90.4,90.89,90.56,90.15,88.91,87.94,88.06,87.48,87.48,87.8,87.39,86.73,86.42,85.64,85.97,86.68,86.92,87.08,86.48,87.11,87.21,87.36,86.17,86.19,86.36,87.02,87.21,87,88.02,87.96,88.78,90.26,89.97,90.37,90.11,89.87,90.35,89.79,90.11
RS.td.motor,vib,Vibration,mm/s,0,12,7.1,2.383,2.244,2.223,2.163,2.11,2.193,2.112,1.951,1.944,1.803,1.635,1.742,1.768,1.723,1.352,1.384,1.152,1.289,1.576,1.609,1.611,1.783,1.667,1.75,2.102,2.308,2.208,2.244,2.301,2.301,2.319,2.266,2.059,1.892,1.941,1.792,1.649,1.794,1.812,1.739,1.901,2.004,1.877,1.791,1.613,1.895,1.948,2.046,1.957,2.117,2.355,2.458,2.196,2.044,2.109,1.835,1.908,1.946,2.06,2.119
RS.td.motor,load,Load,%,0,100,95,72.44,71.24,72.12,70.74,71.64,70.73,70.5,70.6,70.74,70.26,69.47,70.3,70.81,71.09,71.96,71.71,70.7,70.6,70.97,70.55,71.04,71.67,71.06,71.29,70.43,71.21,71.15,70.28,70.39,71.56,71.54,70.94,72.45,72.66,73.17,72,73.19,73.73,74.98,75.26,73.24,72.3,71.36,71.4,71.44,70.65,69.78,70.32,70.86,70.09,70.22,69.27,70.5,71.08,70.23,70.48,69.86,70.82,71.46,71.55
RS.td.gearbox,temp,Temperature,C,0,120,100,45.41,45.13,45.19,45.32,45.71,46.05,45.97,46.29,46.64,46.54,46.2,46.12,46.37,46.8,47.09,47.2,47.05,47.37,47.87,47.45,48,48.41,48.87,49.2,48.82,48.29,48.12,48.03,48.23,48.18,47.82,47.78,47.62,48.01,48.15,48.26,48.85,48.61,48.02,47.53,46.98,45.86,45.87,45.94,46.22,45.72,45.78,45.34,45.22,44.95,44.81,44.5,44.71,44.9,45.03,44.84,44.24,44.06,43.97,43.2
RS.td.gearbox,vib,Vibration,mm/s,0,12,7.1,1.658,1.598,1.72,1.597,1.597,1.62,1.733,1.709,1.731,1.658,1.779,2.092,2.052,2.552,2.463,2.661,2.67,2.537,2.704,2.594,2.448,2.497,2.418,2.269,2.414,2.38,2.348,2.124,2.104,2.313,1.982,1.988,2.091,1.922,2.029,1.833,1.751,1.812,1.901,2.004,1.78,1.807,1.59,1.493,1.375,1.526,1.549,1.625,1.515,1.377,1.188,1.127,1.302,1.362,1.626,1.892,2.118,1.982,2.048,2.165
RS.td.gearbox,load,Load,%,0,100,95,54.32,54.33,54.41,53.52,52.35,52.97,52.33,52.71,53.68,52.8,53.29,54.26,54.6,54.45,53.16,52.26,53.09,53.01,52.52,52.35,52.6,52.03,51.91,51.99,51.84,51.61,52.09,52.24,50.85,49.03,48.43,48.52,47.91,45.91,46.59,46.09,45.69,46.85,46.68,45.94,46.17,46.95,48.64,49.21,49.47,48.84,48.74,48.19,48.18,50.03,49.92,50.41,50.5,49.84,50.89,51.69,50.92,51.5,51.35,52.4
RS.td.quill,temp,Temperature,C,0,120,100,46.34,45.82,45.57,46.06,45.77,45.97,46.48,46.43,46.06,45.99,45.98,46.77,46.35,46.66,46.46,46.37,45.76,46.26,46.79,46.85,47.36,47.36,47.53,46.94,46.5,46.97,47.04,47.18,46.69,46.59,45.71,46.13,45.94,45.6,45.54,45.58,45.3,45.49,45.17,45.53,45.26,45.42,45.7,45.92,45.54,45.65,46.21,46.3,45.92,45.65,44.58,44.85,44.6,43.88,43.71,42.84,42.68,42.36,42.16,41.39
RS.td.quill,vib,Vibration,mm/s,0,12,7.1,2.8,2.942,3.073,3.017,3.119,3.503,3.408,3.212,3.359,3.453,3.624,3.566,3.444,3.736,3.753,3.991,4.121,3.93,3.636,3.57,3.492,3.592,3.463,3.529,3.421,3.628,3.552,3.273,3.419,3.514,3.397,3.372,3.465,3.506,3.633,3.546,3.557,3.453,3.608,3.548,3.577,3.633,3.412,3.617,3.8,3.843,3.871,3.968,4.027,3.719,3.788,3.734,3.901,3.988,3.853,3.808,3.896,3.814,3.608,3.668
RS.td.quill,load,Load,%,0,100,95,59.52,58.83,59.16,58.39,58.64,59.27,60.42,61.14,60.6,60.66,60.84,61.3,61.34,60.27,61.67,62.2,62.64,62.24,62.56,61.41,61.39,60.82,61.35,61.81,63.18,63.27,63.33,64.13,64.17,64.4,64.09,63.15,62.48,61.33,62.96,62.69,63.59,64.18,64.57,65.73,66.45,67.19,68.15,68.73,67.73,68.47,68.15,69.41,69.78,69.71,69.9,70.65,70.41,71.26,71.34,70.88,71.64,71.73,71.19,71.65
RS.td.swivel,torque,Torque,kNm,0,80,72,43.07,42.93,43.72,44.41,44.15,43.68,44.96,45.96,45.83,45.76,45.68,46.2,45.46,44.46,44.52,43.82,44.35,43.6,44.57,44.39,44.49,45.41,45.63,45.99,45.67,45.44,45.3,44.26,43.65,44.65,44.83,43.74,44.74,44.94,44.96,43.74,43.55,43.73,45.04,44.77,45.36,45.19,45.81,45.96,46.5,46.68,46.8,46.54,46.8,47.76,46.87,46.68,46.22,45.71,47.16,48.58,49.03,49.62,49.17,48.76
RS.td.swivel,rpm,Rotation,rpm,0,220,200,119.6,118.9,118.7,118.3,119,117.6,117,116.6,116.8,116.9,117.7,118.6,117.9,117.3,116.8,116.2,115.5,115.6,116,115.5,115.5,114.9,115.8,116,118.2,117.5,117.1,117.1,116.3,115.8,115.4,114,113.4,113.5,114.5,115.3,115,113.9,115.5,115.1,114.5,115,114.1,114.5,114.4,115.5,115.3,115.2,114.3,115.4,114.4,114.2,113.8,113.3,114.6,115.6,115.7,114.2,114.9,115.6
RS.td.swivel,vib,Vibration,mm/s,0,15,9,3.39,3.385,3.513,3.566,3.268,3.138,3.417,3.008,2.94,2.899,2.897,3.007,3.089,3.048,3.28,3.009,2.807,2.895,2.906,2.831,3.162,2.966,2.939,2.788,2.674,2.654,2.746,2.689,2.852,2.432,2.467,2.603,2.722,2.809,2.714,2.799,2.768,2.578,2.483,2.69,2.396,2.381,2.092,2.477,2.604,2.569,2.668,2.423,2.442,2.243,2.212,2.431,2.379,2.314,2.352,2.325,2.303,2.307,2.369,2.326
RS.td.swivel,temp,Gearbox temp,C,20,120,100,73.79,73.95,74.81,74.36,73.78,73.94,73.17,74.25,73.94,75.13,74.45,74.08,74.23,74.02,73.89,73.77,73.76,73.78,73.83,74.31,74.6,74.98,75.06,74.71,75.1,75.27,75.44,75.02,74.63,74.84,75.59,75.96,75.77,75.8,75.53,75.26,75.21,75.34,75.48,75.92,75.4,75.62,76.4,76.59,76.25,76.2,76.94,77.83,78.28,77.78,77.47,77.4,78.06,78.44,78.24,78.03,78.46,78.45,78.39,78.36
RS.td.handler,flow,Flow,m3/h,0,800,720,306.1,305.4,306.4,307.7,306.8,308.2,308.8,308,303.7,298.8,297.9,302.5,302,301.1,300.9,299.9,296.5,294.9,296.3,298.7,298.1,298,301.2,300.2,301.2,303.2,303,301.6,299.8,300,298.9,296.1,299.3,299.2,300.8,300.4,299.6,298.6,296.8,295.7,297.6,300.3,299.3,304.4,303.1,300.3,297.9,297.6,298.4,296.6,296.4,296.2,293.9,293.1,293.4,298.3,299,297.6,294.8,293.5
RS.td.handler,press,Pressure,bar,0,120,100,63.12,62.77,62.86,62.96,63.04,63.22,63.4,63.53,62.8,62.93,63.24,63.57,63.52,63.36,63.1,62.87,62.79,62.8,62.88,62.39,62.79,62.72,63.01,63.35,63.3,63.33,63.34,63.46,62.91,62.89,62.86,62.74,62.5,62.37,62.56,62.95,63.04,63.18,63.57,63.75,63.7,63.59,62.8,62.9,62.74,62.62,63.09,62.7,63.22,62.74,62.19,62.23,62.45,62.57,62.55,62.18,62.18,61.62,62.12,62.03
RS.td.handler,temp,Temperature,C,-170,150,,36.8,37.21,37.11,36.72,37.22,36.81,37.28,37.2,37.01,37.15,36.79,36.34,36.41,36.73,36.47,36.56,36.64,36.22,36.37,36.8,36.84,36.63,36.86,36.76,36.92,37.06,37.23,37.06,37.15,36.85,36.58,36.72,36.25,36.18,36.12,35.99,35.89,36.2,36.52,36.49,35.98,35.9,35.86,35.89,35.97,35.46,35.62,35.68,35.35,35.26,34.84,34.74,34.98,35.14,35.04,35.04,34.7,34.61,34.87,34.74
RS.td.handler,wall,Wall loss,%,0,30,20,6.378,6.373,6.377,6.38,6.367,6.361,6.364,6.355,6.353,6.353,6.363,6.387,6.396,6.396,6.418,6.419,6.414,6.411,6.393,6.394,6.391,6.391,6.398,6.396,6.408,6.404,6.405,6.418,6.421,6.424,6.425,6.427,6.436,6.425,6.417,6.426,6.437,6.441,6.442,6.432,6.432,6.422,6.429,6.432,6.433,6.432,6.416,6.408,6.409,6.41,6.404,6.418,6.435,6.451,6.46,6.454,6.457,6.462,6.475,6.462
RS.td.dolly,flow,Flow,m3/h,0,800,720,321.1,319.4,318.4,318.6,318.6,319.7,322.6,322.4,321,318.9,316,316,315.5,314.5,314.2,312.3,310.2,309.1,309.9,306.2,306.7,306.6,308.3,307.9,307.4,303.6,303.4,301.7,302.4,302.2,301.7,304.4,307.2,307.8,309.5,310.2,312.5,307.5,305.1,307.4,306,302.7,303.7,306.2,306.5,306.4,309.3,307.9,303.3,303.8,303.7,306.5,303.6,304.1,307.4,312.5,310.9,309.1,309,309.7
RS.td.dolly,press,Pressure,bar,0,120,100,65.93,66.2,65.78,66.17,66.44,66.17,65.54,65.73,65.73,65.74,65.52,65.07,65.4,65.19,65.77,65.12,64.85,64.83,64.23,64.24,64.36,64.21,64.2,63.87,63.91,63.93,64.05,63.68,62.74,62.23,62.61,62.56,62.86,63.19,63.23,63.21,63.64,63.68,63.57,63.24,62.93,62.85,62.76,62.34,62.39,62.54,61.91,61.57,61.15,60.82,60.69,60.82,60.56,59.97,60.26,60.02,59.67,58.86,59.01,59.02
RS.td.dolly,temp,Temperature,C,-170,150,,37.89,37.69,37.86,37.77,37.9,38.03,38.32,38.05,38.56,38.52,37.94,38.27,37.99,37.78,37.66,37.67,37.6,37.77,37.9,38.11,38.28,38.25,38.42,38.37,38.36,38.92,38.55,38.27,38.15,37.97,38.16,38.24,37.62,37.62,37.28,37.37,37.64,37.6,37.27,37.28,37.66,37.91,37.61,38.01,38.07,37.74,37.99,38.46,38.82,38.61,38.68,38.58,38.85,38.88,39.56,39.5,39.55,39.53,39.53,39.86
RS.td.dolly,wall,Wall loss,%,0,30,20,6.423,6.409,6.418,6.42,6.42,6.427,6.428,6.439,6.448,6.462,6.458,6.469,6.475,6.485,6.491,6.483,6.487,6.496,6.496,6.512,6.504,6.497,6.492,6.489,6.485,6.489,6.488,6.495,6.493,6.502,6.511,6.52,6.532,6.535,6.541,6.534,6.526,6.537,6.525,6.529,6.521,6.526,6.513,6.518,6.53,6.548,6.546,6.542,6.54,6.539,6.532,6.538,6.531,6.533,6.532,6.521,6.523,6.52,6.507,6.52
RS.td.ibop,pos,Valve position,%,0,100,,72.55,72.74,72.86,72.8,72.85,72.96,72.89,72.86,72.86,72.85,72.7,72.56,72.51,72.32,72.55,72.59,72.66,72.75,72.86,72.93,73,72.94,72.92,72.88,72.94,72.96,73.01,73.05,73.09,73.26,73.25,73.31,73.26,73.12,73.08,73.04,73.03,72.91,73.04,72.95,72.82,72.81,72.76,72.77,72.62,72.63,72.7,72.65,72.77,72.91,72.79,72.8,72.83,72.93,73.04,72.98,73.14,72.99,73.08,72.95
RS.td.ibop,up_p,Upstream pressure,bar,0,350,320,186.4,185.5,185.2,184.8,185.4,185.4,185.7,186.6,186.4,187.3,188.7,188.5,189.3,189.7,188.5,190.3,189.9,190,191.1,191,192.6,193.3,193.9,193.3,191.2,191.4,191.4,192.8,192.5,192.1,193.1,194.6,193.9,192.9,191.2,192.4,192.6,191.7,191.1,192.6,193,191.8,191.5,192,190.6,190.8,192.4,192.2,191.9,190.9,192.8,192.4,191.6,192.2,192.7,192.5,192.2,193.2,192,191.8
RS.td.ibop,dn_p,Downstream pressure,bar,0,350,,96.46,97.29,96.42,95.87,95.65,95.46,96.18,96.69,96.76,96.88,96.69,97.75,97.53,97.55,97.49,97.12,96.66,97.13,97.42,97.54,97.02,97.12,96.77,97.23,95.72,96.7,97.08,96.52,97.31,97.52,97.95,98.37,97.86,98.02,97.83,99.3,99.04,98.06,97.67,97.5,97.2,98.87,99.53,99.68,100.2,100,99.88,99.8,99.67,100.2,100.3,100.4,100.3,100.3,100,100.5,100,99.5,99.75,99.74
RS.td.ibop,temp,Body temp,C,0,120,100,40.82,40.68,40.4,40.54,40.86,40.85,41.1,40.91,41.02,41.11,41.2,41.5,41.31,41.34,41.46,41.23,41.28,41.46,41.41,41.48,41.34,41.67,41.33,41.46,41.3,41.2,41.26,41.23,41.04,40.92,40.56,40.92,40.65,40.56,40.72,40.54,40.91,40.55,40.27,40.49,40.58,40.97,41.04,41.34,41.47,41.65,41.4,41.28,41.4,41.69,41.62,41.52,41.61,41.41,41.17,40.94,40.97,41.03,40.93,40.57
CS.pumps,flow,Flow,m3/h,0,400,360,245.6,246,250.1,251.5,250.7,249.5,245.5,241.5,244,244.9,244.2,245.5,243.6,241.7,243.1,238.9,237.6,234.4,235.9,234.1,233.2,234.2,233.6,236,235.3,235.4,239.1,238,239.9,238.8,236.7,238.2,239.5,237.4,241.9,242.4,243.8,243,240.7,243.9,245.7,246.6,245.4,246.3,241.7,242.3,241.2,244.4,247.5,247.5,245.3,247.5,245.1,244.5,245.1,243.5,245.4,247.5,250.6,251.4
CS.pumps,disch_p,Discharge pressure,bar,0,60,52,37.93,37.73,38.7,38.62,38.54,38.79,38.79,39.06,39.45,39.96,40.03,39.66,39.83,39.87,38.92,38.61,38.08,37.76,37.86,38.05,37.86,38.12,38.28,38.18,37.69,37.54,38.21,38.26,37.82,38.25,38.07,37.33,37.9,37.5,39.23,38.95,38.56,37.92,37.61,36.87,36.92,37.3,37.8,37.62,37.49,37.31,37.06,37.34,37.3,37.23,37.46,38.02,38.55,38.79,39.19,38.49,38.71,37.77,37.98,37.5
CS.pumps,vib,Vibration,mm/s,0,12,7.1,1.805,1.842,1.762,2.006,1.833,1.972,2.227,2.278,2.225,2.089,2.15,1.923,1.714,1.768,1.462,1.186,1.266,1.107,1.204,1.27,1.257,1.089,0.9238,0.9247,0.961,1.236,0.8489,0.9262,0.8673,0.5834,0.6521,0.5507,0.4809,0.6688,0.5371,1.046,0.8556,0.8366,0.5532,0.6353,0.4184,0.7384,0.6918,0.447,0.3374,0.3017,0.341,0.3266,0.2191,0.1752,0.1707,0.1075,0.1996,0.4429,0.206,0.3878,0.4916,0.8261,0.7372,0.5415
CS.pumps,brg_t,Bearing temp,C,20,110,85,56.32,56.6,55.68,55.5,54.95,54.53,54.71,55.04,54.98,54.49,54.64,54.8,54.4,53.6,53.17,52.59,52.25,53.28,52.95,53.21,52.48,52.76,52.62,52.47,52.64,52.49,51.97,52.18,50.96,50.92,49.97,50.35,51.06,51.12,51.81,50.94,51.09,50.84,50.4,51.55,51.77,52.38,53.18,53.64,53.2,53.02,52.15,52.09,52.04,52,53,52.62,52.32,52.19,51.87,50.94,51.01,51.01,50.56,50.23
CS.pumps.p1,flow,Flow,m3/h,0,400,360,241.6,245.2,248.4,250,251.1,250.6,251.6,251.8,251.2,248.4,248.1,243.3,243.1,244.2,245.2,244.6,244.6,247.1,246,243.1,238.9,235.4,235.2,232.3,228.3,228.8,228.6,227.5,231.1,232.4,234.7,235.5,234.4,232.2,232.9,230.6,232.1,233.7,234,236.3,240.9,242,238.7,240.9,240.9,243.6,243,243.1,242.2,242,239.1,242.4,244.3,241.4,246.4,245.1,240.9,239.1,237.6,236.5
CS.pumps.p1,disch_p,Discharge pressure,bar,0,60,52,36.08,36.28,36.13,35.45,34.61,34.74,34.88,34.82,34.99,34.91,35.06,35.36,35.36,34.6,34.71,34.44,34.05,34.14,33.61,33.15,33.12,32.39,32.52,32.82,32.37,33,33.38,33.26,33.64,34.5,34.47,34.29,34.61,35.13,35.51,35.72,36.73,35.71,36.07,35.72,36.03,35.83,35.43,35.59,35.85,35.77,36.4,36.39,36.16,36.44,36.3,36.64,37.15,37.53,38.21,38.74,39.11,39.56,39.39,39.94
CS.pumps.p1,vib,Vibration,mm/s,0,12,7.1,1.774,1.828,2.074,2.196,2.476,2.508,2.571,2.534,2.723,2.661,2.536,2.296,2.409,2.35,1.999,1.97,1.983,2.461,2.055,2.201,2.135,2.377,2.376,2.4,2.363,2.645,2.69,2.842,2.915,3.057,3.153,3.295,3.08,2.921,2.906,2.936,3.026,3.155,2.935,3.039,3.166,3.423,3.509,3.784,3.796,3.727,3.783,3.566,3.697,3.991,4.271,4.34,4.447,4.553,4.466,4.479,4.415,4.286,4.171,4.398
CS.pumps.p1,brg_t,Bearing temp,C,20,110,85,56.45,56.45,55.75,56.35,56.82,56.39,56.44,56.28,55.55,55.11,55.4,55.55,55.43,55.93,56.13,54.69,53.91,53.83,53.38,53.31,52.66,52.67,52.77,52.93,52.66,52.61,52.16,53.36,52.34,51.99,52.63,52.58,53.01,53.49,53.38,52.69,53.06,52.52,52.7,51.7,51.52,50.99,51.98,51.69,51.66,51.72,50.74,50.95,51.38,51.39,51.56,50.81,50.46,50.19,49.8,49.61,49.57,49.78,49.24,48.92
CS.pumps.p2,flow,Flow,m3/h,0,400,360,234.8,232.4,230.4,230.9,229.3,227.4,231.1,231.5,226.5,226,225.9,225.4,225,224.4,225.1,222.3,220.6,222.2,220.2,222.8,221.5,226,230.3,229.1,225.8,228.3,226.1,232.6,232,231.6,231.3,228.6,230.7,234.8,233.8,233.3,229.3,231.8,232,231.3,228.6,224.2,224.2,224.3,223.4,223.8,223.5,222.9,221,219,219.9,218.4,217.4,214.4,212.9,215.9,210.3,210.1,208.6,211.7
CS.pumps.p2,disch_p,Discharge pressure,bar,0,60,52,37.42,37.29,38.25,38.33,38.38,38.77,37.89,37.84,38.18,38.54,38.47,38.05,38.02,38.41,38.64,38.96,39.23,38.72,38.66,38.27,38.08,38.53,38.4,37.91,37.49,37.23,36.81,36.92,37.73,38.88,38.56,38.89,39.25,39.06,38.81,38.44,38.79,38.19,38.17,38.11,38.94,38.69,38.39,38.82,39.25,39.08,39.21,38.52,38.23,38.55,37.99,38.33,38.06,37.91,38.3,38.1,38.49,38.35,37.65,37.29
CS.pumps.p2,vib,Vibration,mm/s,0,12,7.1,1.469,1.409,1.619,1.581,1.455,1.371,1.179,1.178,1.173,1.017,1.154,1.307,1.158,1,0.9011,0.817,0.6978,0.4319,0.7027,0.8631,1.05,0.9713,0.8415,0.7424,0.7931,0.9928,1.044,0.7893,0.6205,0.4739,0.5083,0.6274,0.8124,0.9119,0.87,0.9074,0.452,0.4474,0.3088,0.4292,0.5582,0.5859,0.9058,0.7356,0.9024,0.819,0.8043,1.241,1.42,1.345,1.442,1.395,1.584,1.444,1.442,1.404,1.443,1.497,1.454,1.555
CS.pumps.p2,brg_t,Bearing temp,C,20,110,85,55.06,55.27,55.34,54.67,55.06,54.97,54.58,54.48,55,54.19,55.37,55.81,55.7,55.53,56.95,56.69,56.29,56.35,55.81,55.82,55.99,56.06,56.16,55.76,56.44,56.12,55.87,54.81,54.33,53.61,53.65,52.46,53.4,54.14,53.92,54.24,53.79,53.69,53.69,53.53,54.5,54.8,55.11,54.8,54.82,55.01,55.76,56.12,56.82,57.12,57.29,57.55,57.99,57.7,57.95,58.18,59.24,60.12,60.7,60.51
CS.pumps.charge,flow,Flow,m3/h,0,400,360,234.8,236.5,235.7,233.1,233.5,235.7,234.6,231.5,232.8,237.9,235.6,235.1,235,237.9,237.6,237.1,237.5,232.6,231.5,233.2,233.7,230.9,229.9,231.2,233.9,233.2,233.4,233.7,232.7,229.3,230.4,230.4,230.4,229.7,231.9,232.1,229.4,231.7,228,228.1,229.7,227.3,226.8,229.3,230.3,235,233.5,232.6,238.2,235.4,238,238.5,240,239.6,241.6,242.2,242,244.8,244.9,241.6
CS.pumps.charge,disch_p,Discharge pressure,bar,0,60,52,37.09,37.64,37.48,37.68,37.72,37.74,37.68,37.9,38,37.95,38.09,37.54,36.86,37.74,38.19,38.21,38.67,38.59,39.06,39.08,38.58,38.34,37.9,37.91,38.39,38.2,37.75,38.03,38.8,39.18,39.41,39.77,39.11,38.84,38.78,38.92,39.26,38.57,37.42,37.59,37.73,38.17,37.82,38.14,38.33,38.75,38.58,38.6,37.93,38.22,37.7,37.89,37.42,37.69,38.53,37.54,36.73,36.54,35.97,35.93
CS.pumps.charge,vib,Vibration,mm/s,0,12,7.1,1.167,1.262,1.383,1.468,1.568,1.447,1.411,1.46,1.657,1.685,1.685,1.502,1.243,1.327,1.282,1.461,1.579,1.281,0.6865,0.4885,0.4455,0.7148,0.4592,0.2268,0.1089,0,0,0,0.04452,0.04079,0.1858,0.09661,0.1908,0.3216,0,0,0.1221,0.2807,0.3791,0.3041,0.2339,0.3263,0.3411,0.4106,0.3267,0.3211,0.2033,0.4881,0.2881,0.4385,0.5372,0.6793,0.7787,0.7656,0.7787,0.7939,0.5406,0.4567,0.7788,0.468
CS.pumps.charge,brg_t,Bearing temp,C,20,110,85,61.33,60.4,60.01,60.07,59.97,59.62,59.81,60.78,61.1,60.28,60.38,60.69,60.34,59.96,58.45,59.08,59.68,59.17,59.86,59.53,59.73,59.66,60.04,60.31,60.3,61.13,61.82,62.21,63.44,63.92,63.63,63.78,64.11,63.76,64.19,63.4,63.71,62.85,62.92,62.06,62.28,63.06,63.04,64.29,65.42,65.48,65.09,65.15,65.37,65.23,65.24,64.95,65.63,65.27,66.61,66.76,67.5,68.1,69.08,68.43
CS.pumps.dampener,temp,Temperature,C,0,120,100,44.58,44.21,44.4,44.06,43.64,43.64,43.5,43.27,43.22,43.21,43.77,43.9,44.03,43.61,43.37,43.16,42.46,42.07,42.56,42.5,41.73,42.17,41.93,41.87,42.37,41.84,42.19,42.73,43.01,42.55,42.86,43.32,43.42,43.43,43.91,43.83,44.25,44.04,44.19,44.52,44.77,44.47,44.24,44.16,44.34,44.52,44.59,44.28,43.99,44.7,44.93,44.86,44.71,44.48,43.82,43.74,44.63,44.24,44.34,44.89
CS.pumps.dampener,vib,Vibration,mm/s,0,12,7.1,1.551,1.882,1.984,2.146,2.336,2.603,2.668,2.774,2.648,2.709,2.892,2.914,2.815,2.882,2.727,2.865,2.796,2.798,2.548,2.695,2.692,2.665,2.154,2.293,2.368,2.45,2.388,2.807,2.8,2.945,2.795,2.594,2.338,2.262,2.416,2.528,2.592,2.65,2.514,2.543,2.397,2.323,2.295,2.246,2.208,2.154,2.279,1.983,2.092,2.145,2.146,2.178,2.288,2.562,2.653,2.529,2.615,2.521,2.582,2.517
CS.pumps.dampener,load,Load,%,0,100,95,55.64,57.78,58.25,58.31,57.66,56.6,56.85,57.38,56.82,58.19,58.42,57.87,57.43,57.25,56.65,55.57,55.52,54.8,54.95,55.68,56.61,56.98,57.2,58.36,58.62,57.97,58.76,58.36,58.91,59.7,59.41,59.76,59.89,59.6,58.78,59.08,57.85,57.14,57.85,56.68,56.42,56.97,56.97,55.99,56.83,56.96,58.03,57.5,56.08,56.11,55.23,55.02,53.6,53.11,52.77,53.36,51.72,51.76,51.36,51.02
CS.pumps.relief,pos,Valve position,%,0,100,,72.53,72.68,72.84,72.79,72.76,72.7,72.8,72.73,72.62,72.53,72.6,72.57,72.6,72.52,72.68,72.6,72.52,72.61,72.45,72.39,72.43,72.29,72.41,72.27,72.43,72.48,72.47,72.57,72.8,72.84,72.88,72.91,72.84,72.99,73.11,72.98,72.91,72.85,72.87,72.7,72.81,72.71,72.73,72.81,72.91,72.79,72.8,72.75,72.68,72.73,72.87,73.04,73.01,73,72.94,72.97,73.02,72.93,73.06,73.18
CS.pumps.relief,up_p,Upstream pressure,bar,0,350,320,185.5,185.4,185,184.9,184.5,184.6,184.5,185.1,185.5,185.1,185.2,187.1,187.5,186.6,186.2,187,187.9,188,187.4,187.4,187.5,187.2,187.2,187.5,187.1,187,185.7,185.2,186.9,186.3,189,188.1,188.6,188.2,187.1,187.8,188.7,187.8,187.9,187.3,187.4,186.2,187.1,185.7,186.3,186.9,185.8,185.7,185,184.3,183.4,183.3,184.4,184.5,183.2,182,182,181.5,181.7,183.1
CS.pumps.relief,dn_p,Downstream pressure,bar,0,350,,91.52,91.84,91.97,92.56,92.32,92.38,91.97,91.31,91.37,91.17,91.62,91.43,90.32,89.63,88.68,89.25,90.55,90.94,90.97,90.81,90.24,89.5,88.64,89.53,89.69,89.82,90.43,89.87,89.35,89.73,89.3,89.49,89.31,89.97,88.77,89.64,90.62,90.88,91.31,90.9,90.68,91.34,90.73,90.5,89.19,89.34,89.34,89.92,89.96,89.84,89.09,89.15,89.1,88.87,89.47,90.24,90.1,90.34,89.72,89.78
CS.pumps.relief,temp,Body temp,C,0,120,100,41.64,41.54,41.24,41.07,40.99,40.44,40.21,40.09,40.08,39.94,39.8,39.7,39.78,39.48,39.31,39.12,39.09,39.07,39.01,39.19,39.37,39.32,39.16,38.93,38.89,38.89,38.51,38.51,37.94,38.1,38.03,38.11,38.44,38.12,38.19,38.37,38.55,38.44,38.31,38.23,38.24,38.25,38.26,38.43,37.89,37.49,37.71,37.65,37.64,37.71,37.55,37.08,37.21,37.17,37.2,37.47,37.82,37.67,37.84,37.77
CS.tanks,level,Level,%,0,100,90,61.01,61.06,61.17,61.32,61.18,61.26,61.3,61.45,61.45,61.05,60.75,60.9,61.07,61.03,60.71,60.37,60.36,60.07,60.16,60.46,60.39,60.49,60.46,60.7,60.79,60.78,61.09,61.23,61.33,61.18,61.54,61.11,61.32,61.03,61,61.11,61.24,60.99,61.21,61.43,62.17,62.24,62.24,62.46,62.48,63.1,63.4,63.53,63.89,63.93,64.47,64.77,65.19,65.37,65.91,66.16,66.68,66.97,67.3,67.46
CS.tanks,temp,Temperature,C,-170,80,,24.15,24.15,24.22,24.12,24.16,24.13,24.14,24.3,24.17,24.11,24.29,24.48,24.61,24.49,24.56,24.57,24.67,24.44,24.53,24.4,24.38,24.43,24.45,24.54,24.5,24.35,24.33,24.32,24.36,24.44,24.41,24.29,24.23,24.21,24.17,24.37,24.37,24.4,24.37,24.45,24.51,24.4,24.35,24.38,24.4,24.42,24.39,24.38,24.42,24.62,24.49,24.71,24.69,24.82,24.74,24.72,24.7,25.04,25.17,25.19
CS.tanks,press,Pressure,kPa,-2,30,25,8.26,8.274,8.143,8.211,8.174,8.269,8.38,8.268,8.187,8.317,8.022,8.029,8.085,7.863,7.919,7.943,7.896,7.964,7.731,7.931,7.931,8.054,8.122,8.114,8.183,8.252,8.322,8.288,8.231,8.447,8.296,8.217,8.306,8.561,8.665,9.004,8.999,8.996,8.864,8.839,9.005,9.108,8.96,8.815,8.671,8.674,8.748,8.914,8.936,8.796,8.922,8.981,8.94,8.907,8.763,8.708,8.566,8.619,8.614,8.729
CS.tanks.t1,level,Level,%,0,100,90,61.15,61.19,61.15,60.75,60.52,60.26,59.9,59.65,59.85,59.72,60.04,60.55,60.28,60.42,60.76,60.64,60.57,60.12,60.33,60.45,60.72,60.66,60.54,60.46,60.16,60.23,60.71,60.57,60.48,60.78,60.58,60.59,60.26,60.24,60.45,60.39,60.24,60.1,59.97,59.82,59.49,59,59.48,59.69,59.91,59.92,59.98,60.15,60.12,60.25,60.42,60.68,60.48,60.88,61.2,61.2,60.94,61.19,61.16,61.3
CS.tanks.t1,temp,Temperature,C,-170,80,,23.77,23.78,23.59,23.53,23.41,23.37,23.56,23.49,23.4,23.51,23.55,23.54,23.45,23.46,23.59,23.74,23.78,23.85,23.79,23.78,23.7,23.77,23.74,23.9,23.96,23.97,24.11,23.97,23.96,23.96,23.86,23.68,23.73,23.74,23.65,23.62,23.5,23.46,23.4,23.49,23.3,23.23,22.97,23.03,23.17,23.25,23.21,23.24,23.44,23.43,23.49,23.49,23.6,23.54,23.6,23.57,23.73,23.89,23.84,23.8
CS.tanks.t1,press,Pressure,kPa,-2,30,25,7.39,7.425,7.563,7.673,7.764,7.971,8.21,8.387,8.446,8.374,8.316,8.303,8.621,8.572,8.388,8.524,8.539,8.697,8.75,8.793,8.797,8.674,8.819,8.783,8.864,8.987,9.053,9.172,9.14,9.02,8.767,8.722,9.012,9.179,9.188,9.093,9.321,9.421,9.422,9.338,9.012,8.957,8.876,8.904,9.062,9.081,8.97,9.029,8.973,8.927,8.857,8.87,8.989,8.847,8.898,9.136,9.452,9.193,9.172,9.334
CS.tanks.t2,level,Level,%,0,100,90,61.07,61.33,61.4,61.21,61.32,60.95,60.87,60.68,60.55,60.37,60.55,60.68,60.97,61.15,61.45,61.21,61.34,61.02,60.61,60.14,60.42,60.71,60.88,60.36,60.58,60.99,60.75,60.62,60.53,61.18,60.89,61.29,61.35,61.4,61.62,61.74,61.84,62.1,61.95,62.21,62.64,62.76,62.86,62.79,63.2,63.58,63.98,63.91,63.74,63.68,63.44,63.7,63.92,64.32,64.32,64.41,64.23,64.23,64.4,64.31
CS.tanks.t2,temp,Temperature,C,-170,80,,24.02,24.02,23.94,23.87,23.76,23.78,23.76,23.72,23.57,23.49,23.73,23.78,23.85,23.83,23.89,23.73,23.57,23.63,23.79,23.89,23.7,23.7,23.66,23.71,23.71,23.93,23.97,23.94,24.07,24.12,24.19,24.07,23.97,23.93,23.94,24.04,23.92,23.82,23.94,24.07,24.12,24.08,24.1,23.92,23.86,23.89,23.92,24.07,24.2,24.29,24.4,24.25,24.31,24.58,24.51,24.43,24.41,24.56,24.64,24.66
CS.tanks.t2,press,Pressure,kPa,-2,30,25,7.737,7.61,7.56,7.753,7.785,7.668,7.682,7.643,7.752,7.614,7.713,7.966,7.778,7.876,8.215,8.285,8.307,8.506,8.549,8.408,8.407,8.294,8.113,8.057,7.958,8.144,8.167,8.153,8.141,8.467,8.679,8.574,8.647,8.605,8.268,8.204,8.078,8.355,8.48,8.378,8.411,8.457,8.956,8.753,8.479,8.384,8.473,8.179,8.21,8.347,8.418,8.09,8.237,8.409,8.431,8.401,8.385,8.496,8.373,8.667
CS.tanks.t3,level,Level,%,0,100,90,62.81,62.53,62.59,62.47,62.83,62.95,62.97,62.74,62.79,62.64,62.43,62.48,62.61,62.43,62.38,62.38,62.29,62.31,62.51,62.71,63.01,63.13,63.17,63.38,63.34,63.39,63.5,63.66,63.44,63.62,63.77,63.63,63.77,63.99,64.54,64.83,64.84,65,65.14,65.24,65.52,65.58,65.63,65.64,65.61,65.78,65.98,65.76,65.88,65.51,65.5,65.62,65.16,64.64,64.21,64.44,64.35,64.16,64.14,64.33
CS.tanks.t3,temp,Temperature,C,-170,80,,24.34,24.32,24.4,24.34,24.25,24.27,24.24,24.31,24.54,24.6,24.67,24.79,24.76,24.73,24.8,24.81,24.69,24.8,24.87,25.12,24.97,25.12,25.03,24.95,25.16,25.32,25.3,25.16,25.19,25.22,25.16,24.86,24.79,24.6,24.63,24.6,24.76,24.68,24.82,24.7,24.6,24.61,24.42,24.49,24.44,24.56,24.56,24.51,24.47,24.36,24.23,24.04,24.13,24.06,24.08,24.28,24.4,24.31,24.25,24.3
CS.tanks.t3,press,Pressure,kPa,-2,30,25,7.602,7.76,7.778,7.57,7.775,7.803,7.775,7.728,7.521,7.839,7.732,7.67,7.639,7.853,7.751,7.958,7.956,7.883,7.71,7.681,7.377,7.383,7.412,7.568,7.669,7.914,7.598,7.464,7.534,7.647,7.583,7.432,7.543,7.564,7.452,7.327,7.212,7.166,7.226,6.896,6.873,6.577,6.506,6.562,6.533,6.649,6.755,6.75,6.593,6.517,6.614,6.603,6.348,6.31,6.425,6.303,6.451,6.294,6.309,6.072
CS.tanks.trip,level,Level,%,0,100,90,62.84,62.67,62.61,62.79,63.14,62.99,63.1,63.04,62.84,63.13,62.82,63,63.21,63.27,63.57,63.23,63.57,63.85,63.74,63.96,64.43,64.5,64.69,64.98,64.82,64.88,64.73,64.79,64.23,64.48,64.19,63.96,63.95,63.83,63.49,63.35,63.34,63.08,63.1,63.07,63.23,63.3,63,63.52,63.63,63.87,63.94,63.94,63.54,63.61,63.64,63.8,63.99,63.69,63.71,63.49,63.15,63.28,63.2,63.32
CS.tanks.trip,temp,Temperature,C,-170,80,,24.44,24.36,24.36,24.53,24.49,24.42,24.17,24.3,24.16,24.18,24.17,24.2,24.11,24,23.86,23.77,23.95,23.9,24.03,24.18,24.25,24.22,24.28,24.14,24.03,23.93,23.7,23.75,23.86,23.68,23.87,23.94,23.7,23.64,23.68,23.6,23.58,23.62,23.4,23.5,23.57,23.57,23.56,23.66,23.65,23.59,23.51,23.45,23.38,23.38,23.33,23.36,23.5,23.38,23.42,23.47,23.39,23.58,23.56,23.62
CS.tanks.trip,press,Pressure,kPa,-2,30,25,8.272,8.253,8.165,8.14,7.953,7.901,7.916,8.004,8.083,8.22,8.313,8.328,8.34,8.421,8.246,8.427,8.494,8.52,8.414,8.511,8.423,8.564,8.569,8.752,8.587,8.616,8.764,8.73,8.67,8.677,8.769,8.679,8.974,8.968,9.054,8.761,8.83,8.513,8.519,8.427,8.418,8.368,8.043,7.919,8.082,8.01,8.004,8.23,8.15,7.966,7.994,8.139,8.125,8.135,8.059,8.145,8.445,8.379,8.139,8.219
CS.tanks.agit,temp,Temperature,C,0,120,100,44.5,44.42,44.65,44.45,44.2,44.22,44.32,44.46,45.1,45.07,44.49,44.97,45.03,44.81,44.67,44.55,44.62,44.59,44.13,44.3,44.17,44.6,44.82,45.14,45.22,45.69,45.63,44.83,45.53,45.88,46.25,46.46,46.46,46.5,46.69,46.28,46.4,46.43,46.03,46.3,46.08,46.52,46.08,45.72,45.3,44.65,45.68,45.11,44.8,45.09,45.63,45.3,45.53,45.89,45.85,46.06,46.4,45.83,45.75,45.47
CS.tanks.agit,vib,Vibration,mm/s,0,12,7.1,3.054,3.191,3.332,3.186,3.119,3.17,3.173,3.287,3.514,3.606,3.34,3.241,3.234,2.86,2.869,2.806,2.785,2.658,2.596,2.575,2.436,2.697,2.808,2.952,2.92,2.912,2.935,2.964,2.786,2.825,2.933,3.071,2.964,2.617,2.725,2.694,2.927,2.934,2.841,2.717,2.822,2.771,2.881,2.915,2.589,2.587,2.509,2.564,2.581,2.54,2.375,2.42,2.612,2.798,2.915,2.756,2.698,2.596,2.615,2.557
CS.tanks.agit,load,Load,%,0,100,95,54.22,54.62,53.84,55.35,55.53,54.77,53.89,54.29,54.8,55.74,55.56,55.64,55.69,55.08,56.05,55.48,55.81,56.47,56.99,57.61,57.24,56.96,56.33,56.95,56.72,57.03,57.06,56.86,57.06,55.83,55.67,54.6,55.02,54.52,53.52,53.9,53.73,54.23,54.68,54.89,54.52,54.44,54.45,54.23,55.73,56.58,56.98,57.47,56.31,56.51,56.36,56.36,56.02,55.83,54.91,55.06,54.69,53.68,54.3,53.91
CS.solids,air_p,Instrument air,bar,0,10,6.5,7.631,7.633,7.602,7.629,7.619,7.602,7.623,7.648,7.657,7.651,7.656,7.655,7.666,7.674,7.663,7.668,7.686,7.673,7.649,7.634,7.642,7.624,7.649,7.653,7.665,7.672,7.688,7.675,7.657,7.651,7.636,7.612,7.62,7.61,7.632,7.637,7.64,7.615,7.624,7.651,7.629,7.627,7.612,7.6,7.592,7.612,7.602,7.579,7.588,7.588,7.593,7.569,7.563,7.532,7.53,7.492,7.484,7.481,7.478,7.477
CS.solids,temp,Ambient temp,C,10,45,40,31.38,31.4,31.46,31.5,31.44,31.25,31.25,31.3,31.25,31.24,31.25,31.14,31.19,31.28,31.3,31.3,31.28,31.31,31.29,31.3,31.26,31.24,31.16,31.25,31.2,30.99,31.06,31.14,31.21,31.23,31.28,31.25,31.27,31.3,31.3,31.32,31.29,31.21,31.34,31.35,31.38,31.45,31.47,31.44,31.46,31.38,31.56,31.63,31.63,31.53,31.6,31.61,31.57,31.53,31.53,31.46,31.4,31.3,31.25,31.29
CS.solids,alarms,Active alarms,,0,50,20,2.794,2.689,2.675,2.553,2.693,2.416,2.45,2.418,2.63,2.494,2.175,2.304,1.973,1.859,2.121,2.228,2.19,2.181,2.213,2.149,2.098,2.077,1.975,1.855,1.591,1.34,1.256,1.476,1.391,1.394,1.173,0.9925,1.026,0.7563,0.71,0.7736,0.8872,0.9275,1.064,1.364,1.277,1.22,1.198,1.213,1.166,1.138,1.25,1.115,1.226,1.173,0.9301,0.7713,0.6157,0.5452,0.734,0.848,1.022,0.9742,0.9236,1.007
CS.solids,comms,Link uptime,%,90,100,98,99.69,99.68,99.69,99.7,99.7,99.7,99.7,99.7,99.71,99.71,99.71,99.71,99.72,99.71,99.71,99.72,99.73,99.74,99.74,99.74,99.74,99.75,99.77,99.77,99.78,99.78,99.78,99.77,99.77,99.78,99.77,99.77,99.78,99.78,99.78,99.79,99.78,99.78,99.78,99.79,99.79,99.79,99.79,99.8,99.79,99.79,99.8,99.8,99.79,99.79,99.8,99.81,99.81,99.81,99.81,99.81,99.81,99.82,99.8,99.8
CS.solids.shakers,temp,Temperature,C,0,120,100,47.74,47.22,46.97,47.3,47.41,48.09,48.71,48.75,48.8,48.76,49.13,48.43,48.07,48.17,48.08,48.33,47.97,48.55,48.93,49.62,49.6,49.71,50.17,50.19,50.55,50.72,50.35,50.11,49.81,50.06,50.13,50.66,50.96,50.65,50.55,50.5,51.01,51.13,50.6,51.16,51.35,51.3,51.38,51.45,51.07,50.89,51.02,51.03,50.75,50.31,49.78,49.55,49.27,49.16,49.52,49.52,49.03,49.23,48.8,49.65
CS.solids.shakers,vib,Vibration,mm/s,0,12,7.1,2.657,2.59,2.768,2.814,2.964,2.83,2.734,2.73,2.794,2.833,2.716,2.917,2.803,2.734,2.71,2.697,2.797,2.682,2.769,2.747,2.747,2.72,2.825,2.885,3.063,3.183,3.306,3.131,2.974,3.256,3.392,3.23,3.401,3.4,3.283,3.305,3.042,2.992,2.916,2.802,2.777,3.021,2.817,2.776,2.724,2.701,2.673,2.673,2.636,2.448,2.243,1.967,1.9,1.738,1.695,1.88,2.077,1.974,2.004,2.235
CS.solids.shakers,load,Load,%,0,100,95,58.4,58.35,58.37,59.52,59.74,59.8,59.3,59.48,60.22,60.87,60.83,59.74,59.49,58.65,59.48,58.78,58.52,58.59,59.2,59.77,59.42,59.04,59.75,58.92,59.96,61.18,61.35,61.33,59.95,58.87,58.59,57.99,58.75,58.67,58.77,59.41,59.52,59.64,59.86,59.28,59.86,61.05,59.84,59.47,59.67,59.58,60.18,60.69,60.11,59.74,58.71,58.53,58.79,58.65,58.44,58.28,57.96,57.79,56.65,56.4
CS.solids.degasser,temp,Temperature,C,0,120,100,46.31,46.91,47.11,47.55,48,48.35,48.71,48.25,48.84,48.99,49.37,49.33,48.92,48.36,48.41,48.49,48.59,48.64,48.43,48.63,48.47,48.97,48.66,48.25,48.48,49.05,49.06,49.19,48.95,49.06,49.51,49.5,49.19,49.47,48.93,48.53,48.17,48.07,48.81,49.87,50.92,51.94,53.07,53.2,54.31,55.33,55.38,55.91,56.68,56.64,57.1,57.85,58.35,58.86,58.71,59.62,59.5,60.06,60.22,61.4
CS.solids.degasser,vib,Vibration,mm/s,0,12,7.1,2.899,2.83,2.963,3.216,3.43,3.352,3.24,3.16,3.273,3.333,3.612,3.679,3.731,3.725,3.434,3.623,3.506,3.356,3.408,3.386,3.341,3.125,2.78,2.996,3.167,3.032,3.031,2.848,2.833,2.573,2.5,2.171,2.032,2.147,2.138,2.249,2.233,2.453,2.286,2.091,1.599,1.502,1.442,1.353,1.355,1.317,1.19,1.11,0.7704,0.8442,0.8378,0.7264,0.7494,0.8221,0.608,0.6404,0.7083,0.436,0.7256,0.8802
CS.solids.degasser,load,Load,%,0,100,95,56.77,57.89,58.67,58.14,57.92,57.46,57.28,57.39,58.2,57.4,57.08,57.36,56.85,56.82,56.53,56.63,56.35,57.01,57.44,57.35,56.93,57.02,56.3,55.66,55.31,53.98,54.76,55.44,55.16,55.07,54.77,54.29,54.48,54.6,54.64,55.04,55.68,55.5,55.21,54.71,54.77,54.14,53.63,54.27,55.3,55.48,55.7,56.23,55.16,55.08,54.91,54.02,53.95,53.56,53,52.8,52.53,52.26,51.68,51.83
CS.solids.desander,temp,Temperature,C,0,120,100,47.16,47.19,46.93,47.11,47.46,47.11,46.94,46.7,47.32,46.77,47.05,46.97,47.68,47.83,47.24,46.49,46.68,46.57,46.46,46.21,46.15,46.05,46.33,46.48,46.73,45.92,46.53,46.38,46.17,46.25,45.99,45.73,45.85,45.88,44.98,44.55,45.03,44.74,44.9,44.37,43.58,44.18,43.93,43.32,43.71,43.32,43.41,42.97,42.89,42.56,43.21,43.26,43.6,43.75,43.63,43.4,43.51,43.24,43.74,43.45
CS.solids.desander,vib,Vibration,mm/s,0,12,7.1,2.615,2.577,2.482,2.568,2.618,2.731,2.858,2.739,2.615,2.571,2.372,2.326,2.567,2.654,2.619,2.73,2.736,2.892,3.021,3.098,3.457,3.556,3.724,3.896,4.031,4.256,4.158,4.127,4.021,3.975,3.921,3.874,3.9,3.924,3.997,4.018,4.124,4.053,3.93,3.974,4.257,3.989,3.835,3.848,3.676,3.409,3.561,3.51,3.651,3.645,3.542,3.539,3.699,3.826,4.058,3.95,4.138,4.152,4.323,4.45
CS.solids.desander,load,Load,%,0,100,95,59.14,60.04,60.31,61.32,60.66,60.52,61.82,61.24,61.18,61.74,61.74,61.82,62.33,62.55,62.27,62.35,61.61,62.45,62.69,63.26,63.72,65.07,64.42,65.41,66.54,66.25,66.3,66.25,66.47,66.13,65.75,67.04,67.5,67.02,67.82,66.86,67.69,69.21,69.95,70.45,70.03,68.96,69.54,68.58,69.2,68.29,69.16,69.33,71.1,71.02,71.49,71.85,73.17,73.9,74.76,76.05,75.67,75.83,76.15,75.38
CS.solids.desilter,temp,Temperature,C,0,120,100,48.79,48.5,49,48.93,49.08,49.17,48.49,48.83,49.16,48.96,49.28,49.65,48.78,48.57,47.85,47.84,47.67,47.35,46.9,47.15,47.64,47.45,47.97,48.25,47.95,47.8,47.4,47.67,47.82,47.71,47.41,47.42,48.04,48.37,48.74,49.15,49.41,49.99,50.15,50.06,50.43,51.08,50.85,50.14,50.26,50.16,50.38,50.44,50.35,49.99,49.82,50.22,50.48,50.28,49.9,50.19,49.71,49.63,49.62,49.53
CS.solids.desilter,vib,Vibration,mm/s,0,12,7.1,2.679,2.847,2.805,2.61,2.657,2.719,2.543,2.741,2.643,2.632,2.343,2.532,2.724,2.85,2.756,2.931,2.695,2.917,2.881,2.802,2.781,2.652,2.63,2.509,2.639,2.843,3.16,3.185,3.32,3.102,2.956,2.737,2.94,2.798,2.86,2.801,2.812,2.848,2.959,3.111,3.053,3.295,3.32,3.134,2.996,3.19,3.332,3.156,3.298,3.173,3.153,3.087,3.143,3.115,3.089,2.946,2.838,2.652,2.756,2.861
CS.solids.desilter,load,Load,%,0,100,95,60.1,60.73,60.93,62.07,62.3,62.56,62.83,62.91,63.04,62.88,62.48,63.48,63.44,63.85,63.93,64.49,64.52,65.06,63.84,63.77,63.31,63.15,61.78,61.39,60.3,59.99,60.51,58.54,58.66,58.75,58.68,59.34,59.32,59.38,58.22,57.94,57.8,57.49,57.76,57.89,56.23,55.93,55.56,55.42,55.37,53.17,53.15,55.2,55.11,54.57,53.92,53.89,52.76,54.12,54.46,54.2,55.47,54.35,54.26,54.57
CS.solids.centrifuge,temp,Temperature,C,0,120,100,46.18,46.17,46.3,46.71,46.69,46.81,46.44,46.51,46.02,46.51,46.06,46.35,46.35,46.07,46.65,46.75,46.23,45.87,45.98,45.56,45.14,45.27,45.48,45.4,45.48,45.82,46.32,45.87,45.54,46.11,46.03,45.67,45.23,45.11,44.83,44.67,43.82,43.45,43.6,43.96,43.61,43.35,43.24,43.2,43.17,43.22,43.64,43.03,42.52,42.16,42.36,42.1,42.28,42.05,41.62,41.24,41.45,41.68,42.06,42.29
CS.solids.centrifuge,vib,Vibration,mm/s,0,12,7.1,2.333,2.257,2.208,2.269,2.254,2.361,2.344,2.257,2.368,2.171,2.298,2.05,1.946,2.082,2.526,2.631,2.681,2.692,2.794,2.667,2.496,2.352,2.478,2.374,2.355,2.221,2.309,2.388,2.407,2.523,2.401,2.56,2.718,2.789,2.811,2.757,2.879,2.937,3.098,3.112,3.233,3.306,3.217,3.333,3.101,2.974,3.116,2.916,2.612,2.936,2.811,2.909,3.15,3.166,3.091,3.324,3.445,3.568,3.684,3.803
CS.solids.centrifuge,load,Load,%,0,100,95,57.71,57.67,58.23,58.62,57.69,56.62,55.73,56.52,56,55.02,55.57,54.78,55.18,54.81,54.94,55.49,55.44,55.1,55.06,54.51,54.74,54.74,55.93,56.32,56.38,57.52,57.15,56.63,56.68,56.64,57.12,56.41,57.2,57.65,56.77,55.19,54.62,54.39,55.57,54.78,53.41,53.45,53.49,53.19,52.94,52.37,52.33,52.3,52.62,53.69,54.22,53.8,52.97,54.58,54.95,54.74,53.68,52.77,53.1,51.85
CS.standpipe,torque,Torque,kNm,0,80,72,40.49,39.76,40.17,39.96,40.16,40.28,40.72,40.07,40.3,40.28,40.27,38.77,39.06,38.94,39.24,38.75,38.33,38.4,38.37,38.41,38.92,38.8,38.76,38.66,39.2,38.95,39.32,39.74,40.96,41.28,40.84,40.03,40.81,41.02,41.22,41.5,41.94,41.95,41.05,40.22,40.48,40.52,40.35,39.86,39.55,40.17,40.11,39.56,39.7,39.48,39.36,39.32,39.44,40.53,40.39,40.54,40.13,40.65,40.15,38.72
CS.standpipe,rpm,Rotation,rpm,0,220,200,122.1,123.1,122,121.9,121,121.5,121.2,121.4,121.1,120.6,119.1,119.4,119.6,119.5,119.6,119.6,119.4,121.3,120.3,119.3,119.2,120.6,120.4,120.9,122.4,123.5,123.1,123.8,124.7,126,125.2,125,125.2,126,125.7,126.2,125.8,126.6,126.9,126.3,126.2,125.9,126.4,127.6,128,128.6,128.5,128.2,127.4,128.5,129.2,129.5,130.4,130.8,129.2,129.2,128.7,128.6,130.1,130.5
CS.standpipe,vib,Vibration,mm/s,0,15,9,4.522,4.767,4.742,4.676,4.668,4.313,4.28,4.027,4.067,4.318,4.133,3.892,3.773,3.704,3.817,3.887,3.994,3.81,3.824,3.787,4.054,4.132,4.139,3.683,3.75,3.933,3.798,3.883,4.236,4.316,4.089,3.976,3.845,3.811,3.935,3.735,3.64,3.361,3.118,3.249,3.471,3.395,3.524,3.596,3.4,3.252,3.121,2.719,2.461,2.505,2.587,2.764,2.794,2.877,2.73,2.886,2.947,2.959,2.914,2.981
CS.standpipe,temp,Gearbox temp,C,20,120,100,74.19,74.39,74.22,74.05,74.12,74.5,74.21,73.91,74.34,74.36,74.42,74.36,74.99,74.77,75.06,75.78,75.56,76.16,76.47,75.98,76.17,76.01,76.09,76.69,76.59,76.49,76.66,77,76.09,76.6,76.48,77.03,76.84,77.33,78,77.91,78.68,79.44,78.96,78.8,78.83,78.85,78.57,78.82,78.84,79.39,79.26,79.38,79.42,79.04,79.42,79,79.62,79.38,79.96,79.58,79.66,80,80.31,80.31
CS.standpipe.pipe,flow,Flow,m3/h,0,800,720,313.1,311,308.4,305.5,306.2,305.5,300.9,298.9,299.6,298.8,300.3,301,301.3,301.1,300.5,298.7,298.1,296.4,300.8,306.2,306.8,303.9,303.7,306.4,307,309.1,310.3,310.8,314.4,316.7,311.1,311.7,311.8,309.8,313.8,308.5,309.5,307.1,305.6,305.3,303.7,305.8,308.4,310.7,309.5,312.1,314,313.6,314.4,315.4,314.8,315.6,312,314.5,312.9,313.7,313.4,309.7,310.2,309.7
CS.standpipe.pipe,press,Pressure,bar,0,120,100,65.59,65.4,65,65.16,64.98,64.88,65.08,65.23,65.36,65.31,65.03,65.54,65.09,65.11,65.66,65.52,65.88,66.09,66.03,66.39,66.04,65.93,66.3,66.73,66.74,66.57,66.42,66.47,66.89,66.93,66.4,66.81,66.39,66.33,65.47,65.29,64.62,64.82,64.52,64.59,64.58,64.64,64.55,64.69,65.15,65.32,65.04,64.74,64.47,64.17,64.43,64.28,64.06,63.95,63.71,63.28,64.06,63.63,63.09,63.04
CS.standpipe.pipe,temp,Temperature,C,-170,150,,36.83,36.94,36.95,37.43,37.26,37.93,38.18,37.32,37.57,37.22,37.23,37.25,36.63,36.77,36.86,37,36.92,37.07,37.45,37.49,37.81,37.99,38.18,38.23,38.36,38.21,37.9,37.59,37.41,37.34,37.69,37.66,37.42,37.91,37.58,38.2,38.31,38.23,38.23,38.06,38.23,38.19,38.34,38.22,38.31,38.81,39.32,38.7,38.52,38.43,38.02,37.94,38.31,38.77,38.06,37.78,37.91,37.84,37.74,37.8
CS.standpipe.pipe,wall,Wall loss,%,0,30,20,6.371,6.364,6.35,6.359,6.357,6.364,6.363,6.363,6.357,6.36,6.348,6.348,6.341,6.338,6.341,6.341,6.334,6.326,6.33,6.321,6.315,6.311,6.314,6.313,6.306,6.309,6.311,6.309,6.305,6.295,6.293,6.282,6.285,6.297,6.294,6.303,6.292,6.284,6.283,6.283,6.284,6.282,6.294,6.292,6.293,6.292,6.293,6.302,6.307,6.302,6.289,6.299,6.294,6.295,6.292,6.28,6.268,6.265,6.257,6.254
CS.standpipe.manifold,pos,Valve position,%,0,100,,71.65,71.55,71.42,71.58,71.62,71.83,71.81,71.97,72.04,71.7,71.85,71.78,71.88,71.88,72.14,72.11,72.11,72.19,72.18,72.22,72.41,72.43,72.45,72.5,72.45,72.54,72.7,72.83,73,73,72.92,72.75,72.82,72.88,72.9,72.91,73.01,72.93,72.91,72.88,72.98,73.07,73.28,73.16,73.14,73.21,73.25,73.5,73.5,73.59,73.72,73.59,73.61,73.71,73.8,73.71,73.57,73.49,73.53,73.58
CS.standpipe.manifold,up_p,Upstream pressure,bar,0,350,320,182.4,181.3,181,181.4,180.8,180.4,179.3,179.5,179.8,178.4,180.8,179.5,178.7,178.2,178.1,178.3,178,176.5,174.7,176.4,177,177.3,177.6,177.1,178.8,178.6,177.7,177.1,175.7,174.6,174.3,173.8,173.4,173.9,174.3,175.1,174.6,174.6,174.1,174.6,174.3,174.8,174.5,174.4,175.1,176,175.6,174.2,174.4,174.6,175.2,174.5,174.5,174.5,174.1,174.4,174.6,174.9,174.5,175.4
CS.standpipe.manifold,dn_p,Downstream pressure,bar,0,350,,96.63,97.16,96.95,97.47,96.61,95.79,96.23,96.44,96.38,96.54,97.14,97.2,97.5,97.59,98.07,98.22,98.48,97.82,97.85,98.19,98.43,98.02,97.73,97.33,97.13,96.08,95.53,95.31,94.87,94.73,95.09,95.15,95.09,94.65,93.39,94.13,94.25,94.82,94.52,95.18,95.12,95.75,94.89,95.13,94.66,94.11,94.13,94.29,94,94.23,94.53,94.4,94.41,94.89,95.15,95.29,94.68,95.15,95.93,96.08
CS.standpipe.manifold,temp,Body temp,C,0,120,100,40.61,40.74,40.91,40.64,40.24,40.22,39.86,39.93,39.94,40.28,40.39,40.06,39.98,39.7,39.77,40.31,39.86,39.7,39.94,40.13,40.11,40.42,40.42,40.08,40.12,40.2,40.06,39.85,40.2,40.19,40.16,40.37,40.36,40.3,40.36,40.18,39.9,39.99,39.89,39.83,39.73,39.85,39.87,40.02,39.82,39.94,40.11,40.13,40.28,40.08,40.16,39.98,39.97,40.12,40.19,40.32,40.29,40.39,40.61,40.47
CS.standpipe.hose,torque,Torque,kNm,0,80,72,38.72,38.58,38.16,38.39,38.51,38.35,37.72,37.25,37.9,37.42,37.61,37.42,37.32,37.99,37.79,37,36.83,37.13,37.31,36.92,37.04,36.41,36.9,37.49,37.73,36.7,37.79,39.47,39.93,39.33,38.6,38.85,39.13,39.52,38.84,39.59,38.8,39.26,39.5,39.86,39.01,39.07,38.77,38.29,37.75,37.72,37.62,37.43,37.48,37.5,38.19,38.79,38.88,38.45,38.28,37.33,37.47,36.76,36.15,35.1
CS.standpipe.hose,rpm,Rotation,rpm,0,220,200,115.2,114.2,113.8,114.3,113.4,112.6,113,113,113.8,113.5,114.5,113.8,113.4,113.6,114.7,115.6,115.7,115.4,116.8,117.8,117.8,117.3,118.2,118.1,118.3,117.3,117.7,119.1,120,120.9,121.1,121.1,120.9,121.6,121.3,121.1,120.6,120.6,119.6,119.5,118.6,118,118,117.1,117.5,116.7,116.3,117.6,118,117.7,117.7,117.4,118.1,118.8,119.2,119,119.3,119,118,118.6
CS.standpipe.hose,vib,Vibration,mm/s,0,15,9,4.008,3.898,3.733,3.869,3.936,3.854,3.681,3.665,3.615,3.607,3.639,3.733,3.563,3.425,3.557,3.773,3.932,4.207,4.071,4.021,4.203,4.097,3.881,3.979,4.133,4.04,3.941,3.958,4.127,4.026,4.02,4.243,4.151,4.304,4.289,4.397,4.23,4.265,4.531,4.495,4.494,4.633,4.502,4.585,4.527,4.603,4.545,4.395,4.383,4.589,4.761,4.625,4.353,4.242,4.339,4.38,4.375,4.388,4.393,4.378
CS.standpipe.hose,temp,Gearbox temp,C,20,120,100,72.34,72.45,72.89,72.37,72.08,71.68,71.41,70.97,71.25,71.85,71.8,71.73,71.63,71.64,71.73,71.33,71.26,71.89,71.74,71.87,72.03,71.7,71.41,71.43,71.41,71.06,71.03,70.89,70.93,70.7,70.65,70.44,70.92,71.15,70.52,70.69,71.04,70.99,71.57,71.79,72.34,73.32,73.41,72.94,72.4,72.07,72,71.45,71.27,71.36,71.1,70.86,70.92,70.8,70.75,70.89,70.13,70.02,69.48,70.08
CS.standpipe.gooseneck,temp,Temperature,C,0,120,100,44.43,43.86,44.11,44.63,44.13,44.2,43.4,43.65,43.56,44.18,44.36,44.68,44.17,43.78,43.85,44,44.76,44.99,44.62,44.38,44.73,44.61,44.2,44.15,43.69,43.72,43.24,43.63,43.3,43.83,43.38,43.29,43.73,43.35,43.28,43.18,42.89,43.39,43.54,43.56,42.9,42.74,42.73,42.91,42.71,43.2,43.5,43.55,43.31,42.91,42.75,43.01,43.18,43.27,43.25,42.9,43.08,42.79,42.91,42.93
CS.standpipe.gooseneck,vib,Vibration,mm/s,0,12,7.1,2.174,2.333,2.38,2.506,2.37,2.437,2.387,2.546,2.573,2.382,2.493,2.431,2.317,2.383,2.328,2.47,2.5,2.399,2.276,2.094,2.171,2.255,2.137,2.242,2.503,2.521,2.533,2.697,2.59,2.321,2.128,2.25,2.283,2.311,2.235,1.905,1.972,1.756,1.576,1.669,1.904,2.082,1.979,1.98,1.817,1.769,1.906,1.957,1.885,1.74,1.607,1.585,1.724,1.567,1.866,1.59,1.521,1.469,1.372,1.495
CS.standpipe.gooseneck,load,Load,%,0,100,95,61.07,60.99,61.15,61.64,61.05,62.37,62.14,62.87,62.47,62.72,61.36,60.67,58.83,59.83,59.42,58.66,59.76,60.42,60.09,59.49,59.62,59.48,59.53,60.3,60.07,60.54,61.17,61.38,61.46,61.11,61.3,61.21,60.96,61.27,61.93,60.7,60.62,60.35,60.11,60.41,60.5,60.35,60.52,61.4,61.55,61.25,61.27,60.63,59.93,60.55,61.43,60.13,60.6,60.07,59.46,60.01,58.46,57.37,57.55,58.38
CS.return,temp,Temperature,C,0,120,100,46.42,46.56,46.56,46.98,46.67,46.14,45.78,45.55,45.72,45.08,45.23,44.94,45.12,44.78,44.59,44.21,43.8,44.07,43.96,43.8,44.11,43.77,43.66,43.41,43.3,43.26,43.87,43.76,44.2,43.73,44.1,44.47,44.07,43.82,44.31,44.52,44.98,45.2,45.05,45.29,44.63,44.63,44.63,44.6,45.14,45.47,45.29,45.62,45.79,44.89,44.56,44.54,44.53,44.52,44.34,44.01,43.66,43.39,43.46,43.03
CS.return,vib,Vibration,mm/s,0,12,7.1,2.342,2.336,2.388,2.07,1.905,1.961,2,1.971,2.199,2.363,2.355,2.388,2.446,2.258,2.486,2.477,2.652,2.45,2.621,2.574,2.555,2.486,2.426,2.509,2.544,2.291,2.428,2.39,2.196,2.123,2.106,2.052,2.197,2.188,2.346,2.288,2.437,2.721,2.805,2.906,2.748,2.516,2.573,2.795,2.723,2.636,2.854,2.803,2.766,2.536,2.495,2.688,2.616,2.777,2.879,2.874,2.952,2.862,3.018,3.121
CS.return,load,Load,%,0,100,95,57.4,56.48,55.83,55.72,56.15,56.27,58.44,57.78,58.77,60.51,60.93,60.47,60.85,59.63,59.39,59.72,58.96,59.41,59.62,58.04,57.76,57.16,56.82,57.48,57.97,58.59,58.35,59.84,60.06,60.42,58.86,58.48,59.35,59.95,60.76,61.82,61.91,61.79,62.01,60.96,61.09,61.13,62,60.26,60.21,60.56,60.44,59.88,60.29,60.4,60.91,62.26,63.01,62.07,62.58,62.94,61.99,61.5,61.56,61.63
CS.return.bell,temp,Temperature,C,0,120,100,44.29,43.88,44.1,44.48,44.33,43.88,43.97,45.01,44.84,45.25,45.3,44.61,44.11,44,43.76,43.77,43.6,43.29,43.48,43.96,43.9,43.52,43.84,43.8,43.66,44.28,44.17,43.86,43.24,43.08,43.47,43.88,43.8,43.88,43.58,43.2,42.65,43.86,44.17,44.7,44.83,45.63,46.27,46.76,47.23,48.06,48.19,48.73,49.93,50.44,51.38,51.56,51.76,52.19,52.93,53.6,53.78,54.54,54.45,55.22
CS.return.bell,vib,Vibration,mm/s,0,12,7.1,2.116,2.215,2.067,1.844,1.921,1.8,1.998,2.253,2.405,2.373,2.208,2.249,2.392,2.198,2.199,2.133,2.315,2.479,2.427,2.337,2.358,2.393,2.501,2.412,2.633,2.678,2.82,3.01,2.938,2.913,3.001,2.753,2.854,2.836,3.048,3.018,3.007,2.933,3.023,3.087,3.258,3.207,3.368,3.467,3.564,3.748,3.8,3.623,3.551,3.576,3.6,3.458,3.45,3.527,3.302,3.312,3.314,3.369,3.234,3.267
CS.return.bell,load,Load,%,0,100,95,57.85,57.92,58.11,57.67,58.18,59.07,59.34,58.64,58.28,58.74,58.08,57.99,56.99,56.76,56.51,56.01,55.99,54.98,55.69,55.35,54.91,54.27,53.27,52.98,52.09,51.27,51.05,50.15,50.46,50.16,51.8,52.12,52.09,53.27,53.29,53.94,53.53,53.48,53.5,53.39,53.01,52.73,53.06,52.52,52.72,53.53,52.89,52.65,51.41,51.87,52.63,53.64,52.46,52.28,52.69,53.48,54.08,54.4,54.95,54.59
CS.return.flowline,flow,Flow,m3/h,0,800,720,326.8,328.5,328.2,328.9,330.8,332.9,330.8,328.8,330.1,330.5,328.3,327.6,327.9,327,331.5,330.5,330.6,332.3,337.2,338.6,336.9,335.3,338.6,340.2,340.9,341.3,341.9,342.2,343,339.9,340.2,338,340.3,343,343.6,344.7,346.6,343.1,341,339.9,341.5,340.4,343.1,343.4,343.2,344,342.8,342.7,342.7,342.3,341.4,338.6,340.3,340.4,339.2,341.4,338.7,340,339.2,339.6
CS.return.flowline,press,Pressure,bar,0,120,100,63.2,63.45,63.87,63.5,63.91,64.04,63.98,63.93,64.05,63.87,63.7,63.72,64.7,64.82,64.79,65.14,65.06,65.3,65.06,64.84,64.87,64.49,64,63.7,63.94,63.92,64.3,64.72,64.58,63.95,63.57,63.31,62.87,62.23,62.95,62.83,62.9,63.15,62.79,62.58,62.07,61.5,61.64,61.67,62.09,61.96,62.31,62.27,61.66,61.44,61.38,60.9,60.96,60.76,60.44,60.57,60.68,61,60.54,60.47
CS.return.flowline,temp,Temperature,C,-170,150,,36.86,36.68,36.82,36.51,36.87,36.83,36.86,36.84,37.08,36.9,36.84,37.02,37.14,36.94,37.19,36.9,36.67,36.4,36.65,36.89,36.61,36.13,36.05,36.35,35.86,36.32,36.28,35.65,35.81,35.35,35.71,36.06,35.86,35.26,35.41,35.54,35.22,34.79,35.17,34.77,35.5,35.68,35.69,35.97,35.94,36.29,36.5,36.56,36.8,36.24,36.21,36.04,36.15,36.25,36.04,36.33,36.16,35.91,36.2,36.6
CS.return.flowline,wall,Wall loss,%,0,30,20,6.402,6.393,6.396,6.397,6.407,6.403,6.408,6.404,6.413,6.418,6.414,6.415,6.413,6.41,6.415,6.407,6.409,6.412,6.405,6.404,6.41,6.428,6.428,6.438,6.436,6.427,6.446,6.442,6.435,6.435,6.426,6.423,6.425,6.422,6.419,6.421,6.409,6.416,6.401,6.411,6.417,6.412,6.406,6.413,6.421,6.426,6.412,6.419,6.424,6.424,6.425,6.423,6.415,6.421,6.421,6.428,6.425,6.425,6.418,6.415
CS.return.possum,temp,Temperature,C,0,120,100,47.87,47.5,47.24,47.03,46.96,47.55,47.34,47.23,47.4,46.82,46.87,46.61,45.92,45.95,46.24,45.84,45.85,45.81,45.64,44.93,45.23,45.71,45.79,45.34,45.63,45.65,45.32,44.81,44.2,44.17,44.1,44.15,43.86,43.96,43.79,43.9,43.67,43.81,44.21,44.94,45.09,45.43,45.13,45.14,45.8,45.91,45.74,45.87,45.71,45.64,45.92,46.09,45.72,45.66,45.58,45.77,45.91,46.02,46.91,47.29
CS.return.possum,vib,Vibration,mm/s,0,12,7.1,1.869,1.903,1.76,1.468,1.554,1.517,1.585,1.565,1.567,1.762,1.864,1.625,1.59,1.359,1.209,1.245,1.185,1.262,1.175,0.9088,1.037,1.074,1.092,1.223,1.217,1.259,1.132,1.078,0.8093,0.5352,0.4153,0.3843,0.3866,0.3939,0.4975,0.5456,0.5378,0.4529,0.3514,0.32,0.3485,0.4668,0.4738,0.5524,0.502,0.3897,0.5043,0.3461,0.2956,0.226,0.1375,0.2749,0.2023,0.312,0.1969,0.3492,0.372,0.1227,0,0
CS.return.possum,load,Load,%,0,100,95,54.37,53.87,54.58,53.55,53.41,53,53.22,52.84,52.16,52.58,51.29,50.81,51.07,50.93,51.13,51.68,51.43,51.87,49.52,49.23,49.73,49.03,49.68,49.98,50.53,50.87,50.27,49.47,49.82,49.54,49.43,49.16,48.75,49.21,50.05,48.65,48.02,47.62,48.91,49.25,49.46,48.91,48.4,48.61,47.79,48.07,49.07,49.69,49.56,49.26,49.88,50.82,49.67,50.5,51.1,50.15,50.19,50.99,51.53,52.63
CS.mgs,level,Interface level,%,0,100,85,48.81,48.76,49.04,49.09,49.47,49.88,49.41,49.71,49.76,49.46,49.4,49.75,49.94,49.39,49.65,49.62,50.06,49.47,49.47,49.43,49.47,49.7,49.2,49.02,49.45,49.34,49.41,49.13,49.03,49.03,48.92,48.54,49.31,48.86,48.03,47.83,47.5,47.64,47.93,48.47,48.8,49.85,49.8,49.86,49.92,50.34,50.75,50.76,51.26,52.03,52.96,53.72,54.57,55.2,56.26,57.42,57.5,58.04,58.58,58.76
CS.mgs,press,Pressure,bar,0,30,25,8.071,7.913,7.856,8.029,8.082,8.104,8.102,8.195,8.035,8.113,8.02,7.962,7.93,7.662,7.609,7.509,7.601,7.675,7.634,7.762,7.755,7.778,7.972,8.064,8.015,8.079,7.944,7.95,7.929,7.859,7.718,7.888,7.78,7.75,7.475,7.448,7.546,7.425,7.546,7.594,7.566,7.571,7.704,7.648,7.689,7.686,7.754,7.615,7.565,7.618,7.653,7.669,7.649,7.593,7.738,7.515,7.566,7.507,7.543,7.551
CS.mgs,temp,Temperature,C,0,120,100,53.65,53.27,53.54,53.08,52.91,52.92,52.95,52.02,52.36,51.57,51.11,50.62,50.4,50.59,50.61,49.9,49.69,49.29,49.14,48.75,48.54,48.5,48.05,47.77,48.53,48.41,48.82,48.27,48.81,48.58,48.46,48.24,48.19,47.91,47.85,47.45,47.86,47.94,47.86,47.65,47.69,48.02,48.33,47.61,47.59,47.15,47.63,46.96,46.85,46.91,46.9,47.56,47.36,47.54,47.6,48.2,48.51,49.02,48.33,48.19
CS.mgs,gas_out,Gas outlet,MMscfd,0,60,,20.25,20.06,19.62,19.84,19.19,18.86,18.72,18.56,18.78,19.07,19.64,19.58,19.35,19.4,19.37,19.36,19.34,19.39,19.16,19.69,19.58,19.74,19.26,19.1,19.09,19.42,18.87,18.64,18.88,18.13,18.19,18.17,18.09,18.29,18.28,18.32,18.18,18.71,18.77,19,19.17,19.08,19.19,18.9,18.65,18.5,18.07,18.32,18.21,18.58,18.86,19.04,19.31,19.71,20.12,20.54,20.41,20.91,21.05,21.07
CS.mgs.vessel,level,Interface level,%,0,100,85,45.42,45.97,45.59,45.18,45.12,45.5,45.49,45.3,45.41,45.3,45.72,45.64,46.3,46.14,46.63,46.73,46.29,46.56,46.75,46.23,45.59,45.7,45.5,45.74,45.61,45.47,45.06,44.95,45,45.32,45.23,46.08,45.67,45.43,45.59,45.71,45.16,45.52,45.11,45.09,45.33,45.92,46.03,45.73,45.25,45.16,45.46,45.85,45.92,45.97,45.84,45.63,45.21,44.58,44.77,45.25,45.05,44.98,45.21,44.89
CS.mgs.vessel,press,Pressure,bar,0,30,25,8.169,8.271,8.253,8.399,8.298,8.51,8.499,8.553,8.457,8.505,8.426,8.365,8.451,8.636,8.426,8.465,8.571,8.862,8.699,8.732,8.735,8.819,8.58,8.631,8.563,8.647,8.587,8.512,8.62,8.505,8.301,8.542,8.521,8.563,8.666,8.534,8.453,8.325,8.334,8.337,8.375,8.562,8.378,8.444,8.327,8.325,8.42,8.405,8.125,8.075,8.067,8.026,7.963,7.947,7.864,7.824,7.79,7.806,7.866,7.783
CS.mgs.vessel,temp,Temperature,C,0,120,100,53.76,53.7,53.26,53.11,52.74,52.66,53,53,53.2,53.3,53.69,53.59,53.49,53.67,53.1,53.79,54.68,54.69,54.47,54.51,54.76,54.91,54.53,54.85,54.65,53.98,53.88,53.26,52.99,52.67,52.78,52.69,53.48,53.72,53.2,52.53,52.47,52.87,53.03,53.12,52.89,52.49,52.94,52.59,52.41,51.76,51.47,51.48,51.2,51.31,51.49,51.91,51.68,51.49,51.08,50.85,51.11,50.91,50.87,51.18
CS.mgs.vessel,gas_out,Gas outlet,MMscfd,0,60,,20.93,20.79,20.8,20.48,20.43,20.49,20.26,20.45,20.44,20.44,19.91,19.77,19.72,20,20.35,20.49,20.72,20.7,20.56,20.59,20.98,21.01,20.79,20.92,20.65,20.84,20.67,20.54,20.49,20.29,20.49,20.39,20.62,20.35,20.67,20.37,20.18,20.02,20.45,20.65,20.99,20.62,20.88,20.66,20.28,20.47,20.33,20.6,20.8,21.11,21.14,21.06,21.3,20.42,20.43,20.49,20.27,20.29,20.26,20.42
CS.mgs.vent,flow,Relief flow,kg/h,0,20000,15000,402,389.7,386.2,392.3,406.6,413.6,412.4,433.8,438.9,452.3,457.2,458,473.8,475.4,458,441.6,442.5,424.8,418,412.2,386.8,354.3,377.7,364.3,346.2,337.3,318.9,313.4,302.8,293.8,286.5,268.9,233.9,242.6,232.6,236.6,230.2,223.2,206.1,231.3,239.4,225.7,252.1,231.7,231.3,206.5,189.6,196.7,197.3,183.2,179.9,201.8,174.6,171.6,184.2,197.6,178.6,169.3,169.7,155
CS.mgs.vent,pilot,Pilot temp,C,100,900,,607.3,606.1,605,605.5,605.1,603.6,604.1,602.7,601,601.9,600.4,598,596.9,595.7,595.7,597.1,598.1,594.4,597.4,597.9,595.7,595.5,599.5,599.4,602,603.3,605,605.2,604.2,598.6,596.3,592.3,589.8,586.4,584.3,581.5,578.4,578.2,582,582.7,582.6,584.5,585.3,583.8,585.3,586.7,590.5,590.2,590.3,591.6,591.8,592.7,591.5,592.5,592.6,591,590.5,592.8,592.8,597.9
CS.mgs.vent,press,Header pressure,kPa,0,300,250,20.83,20.54,20.44,20.94,21.09,21.15,21.09,22.28,21.59,21.77,21.84,21.78,21.59,21.24,20.99,20.87,20.95,20.41,20.39,20.15,20,20.37,19.92,19.41,19.57,19.55,19.36,19.05,19.16,18.52,18.39,17.96,18.4,19.11,19.46,19.48,19.89,19.2,19.12,19.12,19.1,19.06,18.85,18.8,18.51,19.02,19.22,18.83,18.85,19.13,18.97,18.87,18.92,19.68,19.06,18.43,17.64,18,18.16,18.1
CS.mgs.vent,wind,Wind speed,m/s,0,30,20,6.04,5.887,5.827,5.783,6.193,5.927,6.068,6.154,5.9,5.776,5.935,5.934,5.733,5.991,5.7,5.816,5.718,5.672,5.363,5.5,5.499,5.537,5.35,5.219,5.229,5.537,5.592,5.583,5.492,5.665,5.912,5.938,5.85,5.857,5.715,5.561,5.652,5.896,6.091,6.017,6.003,5.997,6.025,6.175,6.533,6.367,6.271,6.419,6.101,6.231,6.201,6.086,6.121,6.32,6.294,6.446,6.805,6.676,6.624,6.258
CS.mgs.seal,temp,Temperature,C,0,120,100,44.19,44.26,43.98,44.26,44.72,44.58,44.72,44.72,44.63,44.12,44.32,44.51,44.83,44.92,45.09,45.18,44.83,44.92,44.79,44.42,44.03,45.02,45.35,44.86,44.79,44.7,44.96,44.93,45.23,45.21,45.88,45.86,46.22,46.43,45.7,45.09,44.53,44.12,43.49,43.62,43.26,42.64,42.52,42.33,42.12,41.94,41.83,42.48,41.76,41.84,41.98,41.86,41.6,41.46,40.77,40.46,40.22,40.11,39.8,39.8
CS.mgs.seal,vib,Vibration,mm/s,0,12,7.1,2.439,2.354,2.318,2.575,2.361,2.411,2.519,2.509,2.611,2.791,2.922,3.132,2.997,2.939,3.005,3.243,3.309,3.479,3.324,3.222,3.174,3.195,3.181,3.339,3.427,3.56,3.485,3.557,3.729,3.761,3.749,3.751,4.007,4.046,3.878,4.111,4.305,4.113,3.964,4.182,4.258,4.183,4,4.121,3.968,3.859,3.871,3.792,3.672,3.721,3.934,4,3.805,3.677,3.64,3.571,3.402,3.498,3.763,3.855
CS.mgs.seal,load,Load,%,0,100,95,58.31,58.1,57.89,58.04,58.56,58.68,58.31,58.61,57.76,57.76,59.21,59.17,58.67,57.58,56.85,56.39,57.03,56.59,56.81,56.7,56.23,56.61,56.94,57.38,57.39,58.06,57.83,57.83,57.71,56.74,55.99,56.28,56.93,57.99,59.33,60.13,60.09,60.21,60.69,60.4,60.3,59.21,58.83,58.86,57.4,57.15,56.16,55.67,56.3,56.38,56.9,56.88,57,57.34,56.77,56.72,56.2,57.33,57.22,57
WC.bop,top_p,Top pressure,bar,0,50,45,25.26,25.58,25.36,25.63,25.75,25.92,25.53,25.4,25.5,25.46,25.67,25.83,25.84,25.81,25.98,26,26.05,25.86,25.75,25.38,25.1,25.1,24.89,24.82,24.6,24.82,24.74,24.65,24.92,24.78,24.81,24.96,24.94,24.92,24.83,24.81,24.83,25.16,25.04,24.63,24.62,24.74,24.61,24.71,24.53,24.46,24.6,24.43,24.27,24.25,24.25,24.15,24.05,23.91,24.02,24.03,23.85,23.82,23.68,23.64
WC.bop,btm_t,Bottom temp,C,0,420,400,318.4,316.7,316.4,316.3,317.3,318.5,319.4,319.3,318.8,319.2,318.3,318.3,317.4,316.5,316.1,316.7,316.6,316.2,316.9,318.8,318.7,320.1,318.8,318.4,318.9,319.9,321,319.6,321.4,322.2,322.8,322.6,322,323.3,322.2,323.3,322.3,321.2,322.1,321.8,322.2,321.5,321.5,321,320.4,321.4,323.3,323.7,323.1,322.5,322.1,322.7,322.8,322.6,321.8,322.1,321.7,321.2,322.2,323.1
WC.bop,dp,Differential pressure,kPa,0,80,60,36.05,36.2,36.02,36.17,36.31,36.41,37.16,36.62,37.05,37.2,37.45,37.25,37.38,38.09,37.85,36.8,36.72,37.67,37.76,38.22,38.83,38.79,38.07,38.54,38.56,38.72,38.24,39.09,39.73,39.28,38.44,37.75,38.01,37.71,38.3,38.55,38.08,38,37.65,37.77,38.37,38.17,37.99,37.86,37.44,37.91,37.61,38.08,38.68,38.03,38.23,38.82,38.22,37.8,38.38,38.55,38.34,39.02,38.6,37.92
WC.bop,reflux,Reflux flow,m3/h,0,300,,141.9,146.5,146.7,145.4,143.2,144.9,145.5,143.7,146.2,144.2,144.3,145.6,146.9,146.4,146.3,148.3,150.5,149.5,149.4,148.5,146.9,147.7,145.3,145.2,143.6,141.5,141.8,142.4,142.4,145.5,144,143.8,146.6,147.9,147.5,149.2,148.4,146.3,146.3,144.5,142.4,141,141.1,141.3,143.7,143.6,141.4,139.7,138.6,137.6,136.3,135.4,138.2,138.9,140.4,138.6,138,138.4,139.4,138.4
WC.bop.annular,flow,Relief flow,kg/h,0,20000,15000,355.4,373.5,351.1,347.2,351,345.1,350.5,364.1,371,340.6,333,318.8,332.1,340.2,332.3,327.4,338.2,347.3,334.6,322.2,309.8,323.3,324.3,323.9,327.6,356.1,347.4,358.4,335.3,328.1,324,338.6,341.7,361.6,352.8,372.3,356.7,356.9,342.4,334.7,334.8,325.3,313.5,314.6,323.6,336.7,351,347.2,356.8,367.7,358.5,387.1,388,393.5,389.8,367.2,360.8,384.5,379.6,384.2
WC.bop.annular,pilot,Pilot temp,C,100,900,,603.9,606.8,605.7,607.2,607,608.4,609.3,609,612.3,612.5,611.4,611.9,612.1,613.7,612.7,612,612.3,613.8,611.5,608.1,610.2,608.5,608.1,606.8,608.9,609.8,610,607.7,610.5,610.7,608,612.9,610.1,614.5,615.9,614.4,615.2,618,616.1,614.2,615.5,618.4,616.7,616.2,616.9,615.4,615.4,615.5,617.1,616.7,614.4,616.6,617.3,616.3,617.6,619.8,617.7,619.5,620.1,622.2
WC.bop.annular,press,Header pressure,kPa,0,300,250,20.9,20.83,21.1,20.8,20.45,19.95,19.58,20.69,20.49,21,21.39,21.11,20.41,20.2,20.5,19.76,19.25,19.45,19.22,19,18.82,18.81,18.61,18.92,19.57,19.7,19.43,18.82,19.12,18.87,18.94,18.86,18.71,18.67,18.63,17.96,17.79,17.55,18.06,17.13,17.28,17.31,17.22,16.76,16.39,15.86,16.23,16.55,16.89,17.18,17.03,17.22,17.02,17.34,17.68,17.9,18.23,18.69,18.77,17.88
WC.bop.annular,wind,Wind speed,m/s,0,30,20,6.549,6.833,6.92,6.832,6.669,6.428,6.508,6.461,6.427,6.599,6.789,6.756,6.901,6.91,7.029,7.011,7.081,7.298,7.256,7.33,7.249,7.344,7.543,7.67,7.678,7.585,7.665,7.825,8.097,8.383,8.378,8.512,8.683,8.785,8.823,8.849,8.85,9.144,9.219,9.336,9.375,9.187,9.12,9.053,9.266,9.09,9.058,9.067,9.198,9.038,9.11,8.866,8.903,8.885,9.083,9.282,9.029,9.395,9.21,9.345
WC.bop.pipe1,flow,Flow,m3/h,0,800,720,320.4,318.4,317.3,319.4,321.4,318.6,319,317.9,316,313.3,314.3,312,307.2,305,307.2,307,307.8,307.7,310.4,311.2,309.7,307,305.6,305.4,306.1,308.7,303.6,302.8,303.9,305.8,302.7,299.8,301.7,300.9,301.8,299.8,294.9,295.7,297.3,301.2,302.8,307,313.1,318.8,321,326.7,329,332.8,337.2,341.4,344.9,350.6,352.2,355.5,360,363.5,364.1,367.4,370.3,372.5
WC.bop.pipe1,press,Pressure,bar,0,120,100,63.6,64.12,64.7,64.24,64.36,64.2,64.23,63.82,64.32,64.47,64.48,64.74,64.7,65.08,64.64,64.26,63.97,63.47,63.34,63.92,63.62,63.64,63.66,63.01,62.68,62.52,62.47,62.19,62.17,62.1,61.84,61.63,61.41,61.46,61.04,60.93,60.67,60.83,60.43,60.11,61.07,61.09,61.69,62.27,61.99,62.07,61.91,61.92,62.25,62.23,62.24,62.4,62.73,62.68,62.47,62.5,62.33,62.06,62.76,62.42
WC.bop.pipe1,temp,Temperature,C,-170,150,,39.36,39.55,39.9,39.73,39.52,39.82,40,40.11,39.85,39.57,38.88,38.82,39.12,38.84,38.6,37.7,38.09,38.62,38.67,38.76,38.05,37.83,37.69,37.45,37.39,37.69,37.54,37.52,37.62,37.54,37.64,37.69,37.66,37.15,37.46,37.49,37.82,37.66,37.54,37.49,37.43,37.8,37.44,37.26,37.09,36.83,36.91,37.53,37.51,37.23,37.21,37.48,37.91,38.32,38.07,37.91,37.81,37.99,38.13,38.13
WC.bop.pipe1,wall,Wall loss,%,0,30,20,6.426,6.424,6.427,6.424,6.431,6.431,6.43,6.433,6.442,6.452,6.446,6.447,6.453,6.45,6.454,6.456,6.46,6.461,6.46,6.47,6.466,6.462,6.468,6.463,6.469,6.464,6.459,6.472,6.478,6.481,6.477,6.475,6.472,6.471,6.471,6.481,6.473,6.476,6.478,6.477,6.483,6.479,6.487,6.49,6.501,6.493,6.492,6.498,6.499,6.501,6.493,6.483,6.481,6.478,6.49,6.499,6.497,6.494,6.516,6.521
WC.bop.shear,temp,Temperature,C,0,120,100,46.53,46,45.95,45.67,45.17,45.82,46.18,46.3,46.15,46.7,46.43,46.61,46.75,46.77,46.67,46.91,46.78,46.84,47.72,47.67,47.95,48.02,48.32,48.63,49.01,48.95,48.13,48.37,47.87,47.73,46.71,46.4,46.4,46.04,45.71,45.48,45.43,44.85,44.69,44.09,43.89,44.51,44.95,44.93,44.8,45.03,45.43,45.78,45.7,45.93,45.8,46.01,45.92,45.47,45.51,44.98,44.35,44.06,43.66,43.39
WC.bop.shear,vib,Vibration,mm/s,0,12,7.1,2.184,2.296,2.286,2.263,2.46,2.391,2.5,2.542,2.256,2.055,1.932,1.878,1.804,1.749,1.374,1.517,1.614,1.537,1.605,1.59,1.577,1.569,1.69,1.767,2.028,2.237,2.244,2.011,1.956,1.995,1.952,1.876,2.047,2.027,2.125,2.017,1.914,1.763,1.706,1.705,1.739,1.716,1.583,1.61,1.525,1.497,1.379,1.41,1.309,1.497,1.436,1.386,1.227,1.096,1.133,1.085,1.391,1.395,1.459,1.582
WC.bop.shear,load,Load,%,0,100,95,61.2,60.77,61.07,59.53,59.93,59.74,59.25,59.15,59.34,59.74,59.14,58.63,59.54,58.61,57.84,57.03,57.44,56.24,56.4,56.41,56.7,56.18,55.88,54.83,54.6,54.22,54.13,55.06,55.31,55.27,55.9,56.78,56.53,55.85,56.99,57.53,56.24,56.51,57.79,59.1,57.45,56.93,56.78,57.59,57.77,56.4,55.51,56.01,55.43,53.83,52.34,51.82,51.7,51.96,51.63,51.43,51.43,51.81,52.31,53
WC.bop.pipe2,flow,Flow,m3/h,0,800,720,312.9,313.5,312.8,313.3,313.8,312.4,313,308.4,303.5,301,299.8,293.7,294.4,293.7,293.9,290.3,293.5,291.8,295.4,297.8,299,297.3,296.7,296.8,296.7,298.8,297.8,298.2,299.8,299.5,302.5,302.5,305.4,301.8,300.3,299.7,299.9,303.1,302.7,300.1,297.2,295.2,295.9,297.9,296.4,293,292.8,291.4,293.1,290.7,291.8,291.6,291.1,295.3,295.6,294.6,294.7,291.7,294.9,293
WC.bop.pipe2,press,Pressure,bar,0,120,100,64.01,63.94,63.77,64.39,64.48,65.3,65.56,65.65,65.95,65.46,65.27,64.86,64.97,65.3,66.24,66.1,65.99,66.24,66.05,66.23,65.9,66.78,66.62,66.88,67.18,67.25,66.96,66.64,67.06,67.09,67.38,67.34,67.96,68.08,68.22,67.87,67.88,67.85,67.8,67.77,67.33,67.61,67.82,67.84,68.06,68.07,68.05,68.01,67.83,68,67.88,67.62,67.76,67.76,67.84,67.87,67.63,67.38,67.97,68.43
WC.bop.pipe2,temp,Temperature,C,-170,150,,38.06,37.89,37.72,37.82,37.89,37.57,37.75,38.12,38.59,39.22,39.18,39.31,39.28,39.2,39.16,39.33,39.27,39.44,40.17,39.99,40.55,40.72,40.78,41.2,41.59,41.58,41.44,41.68,41.73,42.11,42.31,42.47,42.57,42.68,42.52,43.16,43.3,43.97,44.46,44.68,44.52,44.38,44.55,44.99,44.9,44.74,45.05,45.04,44.85,44.86,44.51,44.81,45.04,45,44.66,43.88,44.03,43.71,44.06,44.45
WC.bop.pipe2,wall,Wall loss,%,0,30,20,6.381,6.38,6.381,6.383,6.387,6.38,6.377,6.382,6.382,6.382,6.377,6.377,6.381,6.395,6.399,6.401,6.409,6.411,6.398,6.398,6.397,6.398,6.396,6.391,6.395,6.392,6.379,6.386,6.39,6.394,6.395,6.397,6.397,6.396,6.396,6.406,6.399,6.406,6.411,6.41,6.408,6.402,6.389,6.388,6.388,6.392,6.392,6.397,6.412,6.414,6.426,6.423,6.43,6.436,6.455,6.462,6.455,6.469,6.468,6.478
WC.bop.spool,temp,Temperature,C,0,120,100,45.74,45.79,45.85,46.1,45.33,45.5,45.26,45.48,45.09,45.41,45.05,44.38,44.58,44.77,45,44.51,44.97,44.61,44.79,44.99,44.94,44.78,45.04,44.93,44.9,44.55,45.05,45.14,44.98,44.58,44.74,44.73,45.05,45.28,45.15,45.03,45.27,45.69,46.59,46.86,47.26,48.04,48.37,49.27,49.85,50.6,50.87,51.39,51.31,51.46,52.22,53,53.26,54.47,55.25,56.05,56.48,57.26,57.46,58.5
WC.bop.spool,vib,Vibration,mm/s,0,12,7.1,2.474,2.534,2.62,2.706,2.627,2.704,2.752,2.554,2.383,2.576,2.551,2.45,2.732,2.654,2.562,2.752,2.809,3.006,2.792,2.899,2.638,2.341,2.323,2.48,2.352,2.163,2.279,2.476,2.376,2.285,2.362,2.215,2.027,1.689,1.93,1.948,1.967,2.083,2.083,2.153,2.33,2.187,2.117,2.119,2.299,2.507,2.427,2.372,2.71,2.722,3.1,3.091,3.477,3.567,3.808,3.817,3.73,3.79,3.726,3.771
WC.bop.spool,load,Load,%,0,100,95,61.7,62.05,62.51,61.68,61.32,61.82,61.53,61.02,61.95,61.91,61.08,60.94,59.99,59.65,60.54,59.79,60.86,61.14,61.68,61.59,61.82,63.79,62.87,63.74,63.65,64.62,64.07,62.98,63.95,63.73,63.5,61.97,61.88,61.39,61.89,62.01,61.96,61.51,61.32,61.55,61.79,62.33,61.16,60.2,60.51,60.45,60.44,61.04,61.58,61.41,62.33,62.35,64.16,63,63.69,63.32,63.08,63.52,63.83,63.17
WC.bop.hcr,pos,Valve position,%,0,100,,72.28,72.3,72.28,72.44,72.42,72.39,72.41,72.5,72.36,72.43,72.47,72.3,72.35,72.35,72.26,72.17,72.37,72.24,72.34,72.43,72.45,72.55,72.53,72.49,72.31,72.31,72.4,72.49,72.47,72.54,72.4,72.49,72.65,72.74,72.89,73.03,73.09,73.06,73.03,73.14,73.04,73.02,73.19,73.16,73.15,73.11,73.11,73.18,73.16,73.15,73.22,73.26,73.3,73.32,73.38,73.34,73.53,73.47,73.71,73.89
WC.bop.hcr,up_p,Upstream pressure,bar,0,350,320,180.3,179.2,178.4,178.8,178.2,177.8,177.7,179.8,180.7,180.7,179.7,181.1,181.9,180.4,181.2,181.1,181.6,182.7,182.4,182.5,182.7,182.1,182,181.8,180.7,181.7,181.4,181.7,181.5,181.7,181.6,181.4,180.7,180.9,181,181.6,180.9,180.3,179.8,179.7,179.2,180.6,181.4,182.1,179.9,180.5,181.7,183,183.8,182.3,181.7,180.3,179.4,180.7,180.5,178.7,178.6,178.9,179,177.7
WC.bop.hcr,dn_p,Downstream pressure,bar,0,350,,91.1,91.54,91.04,91.91,92.47,92.41,92.5,92.41,91.83,90.81,90.39,90.99,91.5,91.39,91.21,90.82,90.84,90.52,89.94,89.63,89.62,88.92,88.35,89.24,89.89,89.89,90.24,89.9,89.37,89.72,89.19,88.84,88.58,88.99,88.99,88.72,87.5,87.36,88.05,87.84,87.92,87.23,87.39,87.72,86.96,86.06,86.26,85.46,85.07,86.2,86.38,86.51,87.3,87.87,87.77,89.45,89.74,89.71,90.3,90.88
WC.bop.hcr,temp,Body temp,C,0,120,100,40.69,40.73,40.97,41,41.08,40.84,40.74,40.96,40.59,40.44,40.26,40.68,40.64,40.65,40.72,40.86,41.02,40.74,40.63,40.55,40.41,40.35,40.02,40.06,40.15,39.91,39.71,39.84,39.56,39.52,39.54,39.81,39.9,39.46,39.58,39.67,39.49,39.97,39.86,39.45,39.49,39.52,39.22,39.13,38.9,39,39,39.08,38.77,39.11,39.26,39.38,39.22,39.05,39.28,39.44,39.48,39.22,39,38.64
WC.acc,temp,Temperature,C,0,120,100,45.79,45.78,45.52,45.34,45.22,45.34,44.86,44.77,44.72,44.38,45.08,44.83,45.72,45.48,45.84,45.67,45.47,45.5,45.87,46.04,46.6,45.89,45.63,45.1,44.82,44.75,44.76,45.04,45.05,45.17,45.01,44.97,44.73,44.31,44.4,44.45,43.83,44.1,44.4,45.4,46.08,46.49,46.42,46.8,47.44,48.28,49.46,49.9,50.98,51.86,52.07,53.25,53.3,53.79,54.74,55.27,56.22,56.26,57.39,57.8
WC.acc,vib,Vibration,mm/s,0,12,7.1,1.651,1.574,1.488,1.602,1.581,1.481,1.308,1.265,1.22,1.301,1.423,1.207,1.158,1.247,1.2,1.169,0.9543,0.9186,0.9951,0.9232,0.6066,0.5713,0.5949,0.6249,0.6276,0.6921,0.7285,0.6825,0.7637,0.6637,0.8009,0.9335,1.008,1.188,1.166,0.9633,1.059,1.047,1.028,1.091,1.17,1.196,1.247,1.387,1.459,1.582,1.461,1.44,1.58,1.364,1.417,1.329,1.34,1.286,1.388,1.317,1.46,1.494,1.462,1.466
WC.acc,load,Load,%,0,100,95,54.92,54.15,54.21,53.65,53.26,53.3,53.01,51.03,51.63,51.78,50.93,51.31,51.7,53.22,53.46,53.03,52.72,54.28,53.62,54.38,54.96,55.31,55.72,54.57,55.28,56.55,54.88,54.04,53.4,54.76,54.84,54.48,55.26,56.43,56.85,56.77,56.26,55.46,54.73,54.78,56.19,55.77,55.45,55.05,55.22,55,53.42,54.23,54.57,54.81,54.14,54.84,56.17,55.77,54.87,55.83,55.41,56.36,55.79,55.89
WC.acc.bottles,temp,Temperature,C,0,120,100,46.69,46.18,45.87,45.61,46.13,45.23,44.8,44.47,44.13,44.23,43.91,43.62,44.29,44.67,44.69,44.64,44.2,44.07,44.23,44.7,44.34,44.18,44.8,44.33,44.52,44.49,44.81,44.55,45,45.74,45.92,46.26,45.82,45.35,45.66,45.15,44.82,44.66,44.47,44.73,44.81,44.72,44.91,45.69,46.08,45.53,45.71,45.54,45.33,45.43,45.54,45.69,45.88,45.58,45.28,45.13,44.94,44.77,45.05,44.76
WC.acc.bottles,vib,Vibration,mm/s,0,12,7.1,3.063,3.148,3.14,3.211,3.135,3.072,3.171,3.273,3.187,3.158,3.021,3.223,3.047,3.129,3.082,3.332,3.256,3.272,3.148,3.233,2.801,2.449,2.675,2.608,2.707,2.608,2.693,2.584,2.708,2.719,2.886,2.647,2.287,2.529,2.675,2.728,2.775,2.745,2.777,2.801,3.018,3.08,2.954,3.063,3.113,2.866,2.951,2.966,2.77,2.801,2.581,2.676,2.748,2.943,2.857,2.776,2.623,2.995,3.047,3.173
WC.acc.bottles,load,Load,%,0,100,95,55.18,54.21,54.41,53.8,53.82,54.19,53.76,54.1,53.7,53.62,53.32,53.63,54.62,55.74,56.41,56.28,56.43,57.8,57.58,57.06,56.52,55.5,55.54,55.58,56.27,56.88,56.95,57.14,57.15,57.5,57.06,56.74,56.63,56.24,55.72,54.99,54.06,54.33,54.24,54.51,54.41,55.06,53.9,54.68,55.2,54.78,56.25,56.51,56.54,55.64,57.11,56.61,57.71,57.71,56.28,56.08,55.58,54.64,54.5,53.59
WC.acc.pumps,flow,Flow,m3/h,0,400,360,226,227,228.2,232,230.1,227.9,228.2,224.8,227,233.3,233.2,232.6,231.1,233.5,233.9,231.2,229.7,234.6,235.3,235.2,237.5,239.1,239.2,242.7,243.9,245.8,247.5,248.2,246.8,247.1,246.8,243.1,243.6,239.8,237,234.1,233,232.1,232,232.1,233.9,231.6,232.6,232.8,229.9,228.7,225.6,223.7,221.4,221,220.8,217.5,216.4,217.8,217.1,216.9,219.4,218.6,219.5,218.6
WC.acc.pumps,disch_p,Discharge pressure,bar,0,60,52,39.65,40.25,40.5,40.87,41.42,40.94,40.97,40.44,40.76,40.51,40.14,40.41,40.99,41.52,41.64,41.79,41.28,41.54,41.17,41.34,41.4,41.96,41.35,41.51,42.01,42.51,42.96,43.31,43.21,42.92,43.3,43.71,44.02,44,43.93,43.48,43.86,43.82,43.88,44.22,45.01,44.86,45,45.46,45.14,44.19,44.46,44.2,44.05,44.3,44.62,45.45,45.53,45.88,45.54,45.52,45.34,45.86,46.33,45.81
WC.acc.pumps,vib,Vibration,mm/s,0,12,7.1,1.936,1.805,1.699,2.13,2.233,2.096,2.359,2.268,2.359,2.365,2.253,2.072,1.823,1.641,1.749,1.592,1.536,1.749,1.875,1.831,1.751,1.776,1.706,1.733,1.65,1.42,1.314,1.224,1.129,1.031,0.934,0.7682,0.7733,0.9441,1.065,1.107,1.212,1.187,1.177,1.347,1.353,1.37,1.275,1.14,1.143,0.8648,0.9241,0.7748,0.8076,0.7182,0.4999,0.5136,0.6472,0.7526,0.5903,0.4066,0.3724,0.4697,0.5953,0.5912
WC.acc.pumps,brg_t,Bearing temp,C,20,110,85,55.7,54.85,54.22,54.49,54.52,54.74,54.43,54.28,54.63,55.47,55.2,55.17,55.29,55.13,55.62,55.04,55,54.96,54.94,55.12,55.54,55.77,55.75,56.95,57.37,57.1,57.34,57.04,57.54,57.73,58,58.49,59.05,59.68,59.99,60.4,60.5,60.59,60.81,61.52,61.8,60.94,61.43,61.52,60.94,61.14,60.61,61.57,61.56,61.89,62.83,63.16,62.17,61.68,61.41,61.98,61.92,62.44,62.19,62.05
WC.acc.manifold,pos,Valve position,%,0,100,,71.57,71.56,71.64,71.71,71.69,71.68,71.71,71.65,71.79,71.69,71.68,71.73,71.57,71.44,71.36,71.28,71.28,71.28,71.47,71.47,71.63,71.61,71.65,71.81,71.75,71.92,71.87,71.77,71.68,71.63,71.58,71.64,71.68,71.73,71.95,71.92,71.86,71.93,71.8,71.72,71.99,71.95,72,72.07,72.06,71.87,71.99,72.16,72,72.11,72.06,72.23,72.18,72.21,72.22,72.21,72.19,72.11,72.21,72.03
WC.acc.manifold,up_p,Upstream pressure,bar,0,350,320,192,192.8,193.1,194,193.3,193.1,193.1,193.4,194.8,194.8,195,195.6,195.6,194.4,194.2,194.6,194,194.2,193.8,193.1,193,192.8,193.8,194.6,195.3,195.4,195.4,195.6,196.8,196.9,197.6,196.3,195.4,195.5,196.3,196.4,195.3,196.1,195.5,194.4,195,194.7,196.3,196.3,195.1,195.1,194.4,192.5,192.7,192.4,192.4,191.2,191,191,190.9,192.3,193.8,194.2,194.8,194.6
WC.acc.manifold,dn_p,Downstream pressure,bar,0,350,,92.31,92.97,94.08,93.73,93.77,93.44,93.99,93.86,93.23,94.2,94.5,94.02,93.34,93.25,92.73,93.01,92.99,92.82,92.86,93.14,92.87,93.36,94.21,93.63,94.54,93.91,93.16,93.73,93.59,93.81,94.31,94.46,93.96,94.7,94.49,93.48,93.49,93.45,93.67,94.25,94.78,94.85,94.87,94.52,94.73,95,94.15,93.83,93.98,94.14,94.57,95.19,95.17,95.51,96.49,95.74,95.65,95.87,95.41,94.65
WC.acc.manifold,temp,Body temp,C,0,120,100,40.21,40.51,40.5,40.72,40.91,40.82,40.4,40.4,40.2,40.22,40.12,39.95,39.94,39.69,39.98,40.26,40.63,40.42,40.54,40.7,40.12,39.94,40,40.03,40.12,40.27,40.52,40.82,40.7,40.85,40.83,41.11,41.13,41.23,41.13,41.27,41.24,41.3,41.25,41.37,41.09,41.15,41.1,41.35,41.34,41.08,41.34,41.37,41.71,42.14,42.18,42.32,42.25,42.45,42.21,41.85,41.65,41.63,41.79,41.91
WC.acc.remote,air_p,Instrument air,bar,0,10,6.5,7.681,7.681,7.673,7.631,7.631,7.626,7.633,7.603,7.609,7.608,7.615,7.628,7.607,7.607,7.62,7.604,7.625,7.628,7.641,7.619,7.63,7.611,7.602,7.574,7.549,7.565,7.56,7.568,7.569,7.585,7.578,7.575,7.558,7.552,7.547,7.528,7.545,7.561,7.532,7.532,7.559,7.566,7.556,7.529,7.488,7.522,7.533,7.547,7.579,7.587,7.611,7.602,7.608,7.591,7.601,7.592,7.6,7.592,7.619,7.632
WC.acc.remote,temp,Ambient temp,C,10,45,40,31.16,31.17,31.13,31.15,31.22,31.26,31.29,31.28,31.15,31.19,31.2,31.14,31.14,31.16,31.08,31.05,31.12,31.14,31.16,31.15,31.08,31.08,31.06,30.99,31.08,31.08,30.96,31.02,31,30.97,30.96,30.96,30.99,30.96,30.94,31.01,30.96,30.92,30.82,30.76,30.85,30.77,30.77,30.76,30.64,30.58,30.54,30.6,30.67,30.72,30.78,30.74,30.71,30.76,30.75,30.72,30.68,30.69,30.85,30.82
WC.acc.remote,alarms,Active alarms,,0,50,20,2.406,2.485,2.63,2.74,2.743,2.812,3.075,3.137,3.246,3.208,3.323,3.243,3.285,3.285,3.475,3.339,3.524,3.619,3.807,3.668,3.512,3.35,3.287,3.289,3.084,3.26,3.389,3.176,3.388,3.473,3.415,3.423,3.558,3.535,3.391,3.42,3.395,3.383,3.31,3.389,3.478,3.523,3.375,3.59,3.614,3.658,3.464,3.535,3.353,3.327,3.407,3.587,3.652,3.707,3.747,3.652,3.342,3.516,3.576,3.564
WC.acc.remote,comms,Link uptime,%,90,100,98,99.7,99.69,99.69,99.7,99.7,99.7,99.69,99.7,99.7,99.7,99.7,99.71,99.7,99.7,99.71,99.71,99.71,99.71,99.71,99.71,99.71,99.71,99.7,99.7,99.71,99.71,99.72,99.72,99.72,99.72,99.72,99.73,99.74,99.74,99.73,99.73,99.73,99.72,99.74,99.74,99.75,99.76,99.76,99.76,99.76,99.77,99.76,99.76,99.77,99.77,99.78,99.78,99.79,99.8,99.8,99.8,99.8,99.8,99.81,99.8
WC.choke,pos,Valve position,%,0,100,,71.63,71.68,71.84,71.8,71.9,71.78,71.92,71.78,71.66,71.72,71.78,71.56,71.8,71.77,71.87,71.69,71.85,71.86,71.8,71.87,71.78,71.95,71.82,71.71,71.72,71.53,71.49,71.13,71.27,71.3,71.2,71.19,71.25,71.13,71.24,71.39,71.29,71.44,71.32,71.36,71.38,71.42,71.66,71.81,71.94,71.86,72.05,71.99,71.88,71.88,72.04,72.11,72.28,72.39,72.34,72.25,72.17,72.17,72.11,71.97
WC.choke,up_p,Upstream pressure,bar,0,350,320,186.3,186.6,185.8,184.4,182.6,182.7,182.8,182.7,182.6,182.8,185.1,184.8,185.7,185.3,187,187,187.2,188.1,189.4,189.2,188.8,187.6,186.8,185.9,186.5,186.8,186.8,187.9,188.3,188.2,188.8,188.7,189.7,189.2,189.8,187.6,188.3,187.4,188.5,187.4,185.8,184.4,185.7,186,187.5,187.1,187.5,187.8,188.2,188.7,188.3,189,189.8,190,190.2,191,190.7,191.6,191.8,192.7
WC.choke,dn_p,Downstream pressure,bar,0,350,,94.2,94.97,95.1,94.33,94.57,94.02,93.85,93.65,93.84,93.23,94.28,94.36,94.04,94.66,93.58,94.64,94.48,94.78,94.97,95.22,95.4,95.22,95.06,95.88,95.8,95.73,95.32,95.36,94.6,95.75,96.37,96.05,95.99,96.3,97.1,97.33,98.16,98.48,98.03,98.15,98.55,98.53,98.15,97.66,98.28,98.06,96.67,96.48,97.07,97.05,97.23,97.53,97.54,96.55,97.27,98.28,98.81,98.56,98.67,98.73
WC.choke,temp,Body temp,C,0,120,100,41.17,41.21,40.74,41.12,41.32,41.64,41.64,41.5,41.21,41.12,41.11,41.12,41.03,40.82,40.77,40.55,40.31,40.99,40.87,40.62,40.56,40.55,40.52,40.44,40.6,40.74,40.75,40.81,41.09,41.39,41.33,41.56,41.88,42.11,41.8,41.94,41.93,41.94,42.27,42.08,42.47,42.38,42.63,42.68,42.7,43,42.86,42.86,43.01,42.79,42.94,43.22,43.32,43.31,43.04,42.97,43.26,43.78,43.58,43.68
WC.choke.hydraulic,pos,Valve position,%,0,100,,71.26,71.15,71.21,71.27,71.25,71.31,71.36,71.31,71.22,71.19,71.13,71.14,71.21,71.19,71.26,71.44,71.41,71.55,71.61,71.39,71.47,71.44,71.31,71.3,71.45,71.52,71.37,71.33,71.56,71.63,71.58,71.36,71.28,71.28,71.15,71.22,71.06,71.12,71.26,71.32,71.4,71.36,71.38,71.41,71.49,71.52,71.52,71.61,71.55,71.44,71.49,71.54,71.71,71.77,71.78,71.77,71.6,71.67,71.8,71.84
WC.choke.hydraulic,up_p,Upstream pressure,bar,0,350,320,189.8,189.5,190.6,189.7,189,188.1,187.2,186.5,187.8,189.5,189.2,189.6,191,189.6,189.4,189.9,188.7,189.5,189.2,188.2,187.7,187,187.9,185.9,186.7,188,187.8,188.6,187.8,187.2,186.8,187.3,186.1,184.2,183.8,184.3,184.2,182.9,182.1,180.8,181.6,180.8,180.7,181.3,182.5,182.1,181.7,182.7,183.6,184.7,186,186.2,186.9,186.3,188.5,188.9,189.9,189.7,189.2,188.6
WC.choke.hydraulic,dn_p,Downstream pressure,bar,0,350,,91.81,91.71,91.65,92.1,91.79,91.95,91.62,91.08,90.82,90.49,90.85,90.27,90.62,90.58,91.06,91.58,91.26,91.18,91.52,91.98,91.89,92.13,92.39,93.43,93.81,94.13,94.35,94.4,94.49,94.23,93.35,92.89,92.48,93.4,92.64,93.02,93.44,93.94,94.11,94.54,92.95,92.58,92.43,91.71,92.23,92.61,92.38,92.33,92.45,92.99,92.73,92.47,91.8,91.32,91.13,91.21,91.42,90.25,90.12,90.52
WC.choke.hydraulic,temp,Body temp,C,0,120,100,40.86,40.89,40.76,40.78,41.2,40.84,40.37,40.41,40.99,41.24,40.9,40.52,40.85,40.91,41.07,41.17,41.41,41.54,41.52,41.8,42.12,42.08,41.91,41.81,41.28,40.99,40.96,41.23,41.26,40.96,40.93,40.75,40.96,40.67,40.48,40.38,40.24,40.24,39.86,39.7,40.12,39.76,39.74,39.77,39.56,39.66,39.46,39.4,39.03,39.14,39.36,39.13,39.37,39.47,39.13,39.08,39.44,39.87,39.82,39.72
WC.choke.manual,pos,Valve position,%,0,100,,71.85,71.91,71.85,71.84,71.75,71.8,71.95,71.83,71.79,71.98,71.99,71.84,71.86,71.85,71.89,71.86,71.92,71.94,71.92,71.92,71.88,71.8,71.66,71.68,71.58,71.62,71.66,71.68,71.56,71.23,71.2,71.19,71.25,71.24,71.31,71.37,71.4,71.3,71.18,71.24,71.28,71.29,71.52,71.49,71.58,71.75,71.58,71.57,71.61,71.53,71.41,71.4,71.4,71.38,71.17,71.2,71.38,71.57,71.49,71.43
WC.choke.manual,up_p,Upstream pressure,bar,0,350,320,182,181.4,181.3,182.7,182.9,182.6,182.1,181.9,182.9,182.6,182.5,183.6,182.3,183.4,184.1,183.4,183.1,183.6,182.6,182.9,182.3,181.9,182,183.4,183.7,183.4,182.5,181.8,181.8,182.4,183.3,182.5,184,183.2,183.1,182.8,184.3,184.1,183,182.5,181.8,183.3,183.2,184.5,184.9,184.4,185,184,182.8,182.9,184.5,183.9,183.3,185.1,185.9,186.6,185.6,186.1,184.2,184.1
WC.choke.manual,dn_p,Downstream pressure,bar,0,350,,96.46,96,94.98,95.45,95.21,96.02,96.32,96.9,97.11,97.49,96.51,97.08,97.29,97.55,97.62,97.96,97.28,97.7,97.99,97.68,97.82,97.88,97.6,97.71,98.42,97.02,97.19,97.45,97.81,97.86,97.33,96.84,97.72,97.58,97.54,97.2,97.38,97.82,98.15,98.52,99.26,99.55,98.88,98.97,99.54,99.38,100.1,99,99.76,99.05,98.23,98.14,98.05,98.36,98.52,98.63,98.41,98.56,98.82,98.49
WC.choke.manual,temp,Body temp,C,0,120,100,40.96,40.9,40.43,40.66,40.32,40.64,40.38,40.39,40.3,39.96,39.96,40.26,40.34,40.21,39.93,40.24,40.4,40.48,40.05,40.4,40.19,40.52,40.41,40.39,40.49,40.6,40.53,40.41,40.21,40.09,39.84,39.84,39.98,40.15,40.01,39.87,39.74,39.78,40.2,40.28,40.28,39.99,40.18,40.4,40.44,40.21,40.47,40.42,40.72,40.88,40.92,40.38,40.17,39.88,39.94,39.75,39.56,39.66,39.91,40.46
WC.choke.valves,pos,Valve position,%,0,100,,72.24,72.18,72.2,72.38,72.28,72.26,72.42,72.5,72.42,72.59,72.6,72.56,72.64,72.69,72.5,72.36,72.39,72.17,72.22,72.32,72.32,72.4,72.31,72.38,72.4,72.54,72.38,72.42,72.4,72.54,72.65,72.57,72.54,72.56,72.44,72.48,72.39,72.52,72.53,72.8,72.8,72.93,73.17,73.34,73.42,73.74,73.84,74.02,74.09,74.23,74.38,74.37,74.64,74.86,75.03,75.31,75.55,75.53,75.78,75.86
WC.choke.valves,up_p,Upstream pressure,bar,0,350,320,188.5,187.8,188.9,188.1,187.3,186.8,186.8,187.8,188.3,187.7,188,187,189,189.7,189.5,189.2,188.4,187.3,187.1,187.3,188.5,186.9,186.8,188.2,187.6,187.9,187.7,188.4,188.9,189,188.8,187.9,186.9,186.8,186.3,185.7,187.8,187.4,187.6,187.6,186.7,187.6,185.9,184.8,186.3,185.8,185.6,185.8,186.1,186,186.1,186.8,188.2,187.5,188,189.4,190.4,189.9,188.5,189.3
WC.choke.valves,dn_p,Downstream pressure,bar,0,350,,96.93,96.1,96.69,96.91,96.5,96.66,96.68,97.41,96.77,97.16,96.71,96.74,96.14,96.5,97.85,97.76,97.06,97.43,97.9,97.91,98.73,98.44,98.98,98.66,97.68,96.5,96.07,95.62,97.31,97.31,96.82,96.62,96.21,96.37,96.02,95.29,95.08,95.35,96.13,95.17,95.1,95.06,94.64,94.89,95.04,94.6,95.4,95.08,95.28,95.36,95.34,95.67,95.89,95.1,95.3,94.73,93.53,93.38,93.44,93.14
WC.choke.valves,temp,Body temp,C,0,120,100,40.72,40.64,40.71,40.61,40.49,40.34,40.25,40.29,40.46,40.19,40.57,40.78,40.81,40.92,41.11,41.16,41.47,41.51,41.26,41.45,41.4,41.79,41.6,41.8,41.92,42.04,41.84,41.63,41.66,41.87,41.91,42.14,42.24,42.65,42.56,42.71,42.72,42.63,43.03,43.01,42.91,42.86,42.72,42.98,43.03,43.07,43.21,43.3,43.28,43.45,43.62,43.2,43.37,43.17,43.38,43.49,43.28,43.37,43.44,43.28
WC.choke.panel,pos,Valve position,%,0,100,,72.2,72.3,72.22,71.99,71.89,71.74,71.87,71.7,71.66,71.62,71.51,71.43,71.55,71.65,71.7,71.63,71.81,71.85,71.78,71.71,71.67,71.67,71.57,71.51,71.62,71.56,71.39,71.49,71.51,71.43,71.4,71.44,71.45,71.4,71.36,71.31,71.29,71.19,71.4,71.45,71.48,71.38,71.29,71.31,71.45,71.46,71.4,71.38,71.36,71.12,70.92,70.81,70.83,70.59,70.62,70.68,70.75,70.7,70.81,70.86
WC.choke.panel,up_p,Upstream pressure,bar,0,350,320,188.7,189.4,190.5,191.2,191.4,191.7,190.5,190.9,191.4,191.4,191.7,191.2,192.5,193.1,192.9,193.7,194.1,193.8,194,193.5,194.1,194.3,195.1,194.8,195.4,195.8,195.5,196.8,197.4,197.9,198.3,197.9,199.3,198.3,196.6,196.9,197.4,196.9,196.6,195.7,196.6,195.4,196.4,196.7,197,196.3,197,197.8,197.3,197.4,197,196.4,194.9,194.5,194.2,193.1,192.2,191.1,190.6,190.1
WC.choke.panel,dn_p,Downstream pressure,bar,0,350,,97.39,97.96,98.05,97.88,98.46,98.25,98.85,98.33,98.09,98.05,98.04,98.6,98.81,97.95,97.43,97.38,97.21,97.03,97.96,97.26,96.72,96.02,96.93,96.9,97.17,97.74,97.73,98.06,98.2,98.27,98.83,99.44,100.4,99.79,100.4,100.9,101,100.3,100.2,99.91,99.4,99.85,98.96,99.42,99.34,99.16,99.37,98.24,98.62,97.79,98.31,97.9,97.28,97.25,97.49,96.71,96.78,96.41,97.01,97.52
WC.choke.panel,temp,Body temp,C,0,120,100,39.96,39.54,39.19,39.16,39.28,39.35,39.31,39.39,39.01,38.86,38.96,39.21,38.66,38.43,38.17,38.34,38.56,38.4,38.38,38.29,38.24,38.12,38.26,38.04,37.76,37.73,37.43,37.33,36.82,37.19,36.84,36.91,36.94,37.17,36.67,36.85,36.66,36.46,36.22,36.09,35.87,35.4,35.54,35.49,35.43,35.4,35.86,35.73,36.03,35.84,35.75,35.79,35.76,35.82,35.73,35.73,35.64,35.28,35.6,35.46
WC.lines,pos,Valve position,%,0,100,,71.32,71.13,71.18,71.02,70.93,71.02,71.04,71.06,71.15,71.23,71.22,71.16,71.08,71.04,70.98,71,70.95,70.95,71.07,71.11,71.27,71.26,71.29,71.26,71.2,71.26,71.28,71.47,71.66,71.47,71.58,71.57,71.77,71.79,71.8,71.75,71.71,71.65,71.67,71.61,71.73,71.6,71.37,71.34,71.45,71.6,71.81,71.66,71.55,71.67,71.7,71.52,71.74,71.44,71.42,71.25,71.25,71.37,71.46,71.38
WC.lines,up_p,Upstream pressure,bar,0,350,320,190.9,191.2,191.7,192.9,194.2,194.2,194.6,194.5,195.3,195.2,195.7,196.1,195.8,194.8,194.1,194.2,193.4,193.1,193.6,193.2,193.6,193.4,194,193.9,193.6,192.6,192.7,193,193.5,194.2,195.3,195.6,194.5,193,192.5,191.7,192.6,192.3,192.5,192.3,191.7,191.8,192.9,194.2,193,193.9,194.5,195.6,194,194,194.1,194,194.4,193.8,193.9,192.6,193.2,192.8,192,192.6
WC.lines,dn_p,Downstream pressure,bar,0,350,,93.4,94.09,93.87,94.22,93.48,93.91,93.76,93.67,93.21,93.61,93.81,93.53,93.22,93.44,92.76,92.83,93.4,93.55,94.21,94.13,93.28,93.89,94.37,94.58,94.22,93.91,93.79,92.75,93.23,93.57,93.88,93.88,94.41,93.59,94.09,94.44,94.42,93.34,93.66,94.6,94.4,94.06,93.86,93.6,94.15,94.22,93.69,94.45,93.85,94.74,94.19,94.15,94.46,94.95,95.82,96.26,96.66,97.35,98.2,98.8
WC.lines,temp,Body temp,C,0,120,100,41.06,41.15,41.35,41.29,40.93,40.95,41.14,41.29,41.49,41.3,41.26,41.21,41.14,41.29,41.68,41.74,41.77,41.92,42.18,42.57,42.21,41.84,42.3,42.19,42.33,42.42,42.69,42.85,42.72,42.71,42.85,42.5,42.25,42.22,42.58,42.46,42.7,42.59,42.4,42.43,42.53,42.66,42.68,42.52,42.76,43.01,43.03,43.4,43.49,43.52,43.5,43.62,43.55,43.69,43.74,43.5,43.54,43.66,43.6,43.01
WC.lines.choke,pos,Valve position,%,0,100,,72.22,72.26,72.38,72.41,72.43,72.38,72.42,72.53,72.46,72.19,72.23,72.15,72.17,72.05,72.09,72.27,72.25,72.22,72.43,72.38,72.35,72.53,72.67,72.75,72.71,72.58,72.71,72.57,72.63,72.69,72.6,72.68,72.44,72.52,72.41,72.43,72.3,72.39,72.41,72.6,72.61,72.4,72.18,72.32,72.17,72.31,72.25,72.38,72.27,72.22,72.19,72.25,72.12,72.03,71.91,71.94,71.93,71.88,71.96,71.8
WC.lines.choke,up_p,Upstream pressure,bar,0,350,320,183.2,182,181.8,180.9,181.5,182.8,182.9,182.8,183.1,183.5,184,183.5,183.8,183.3,183,182.9,183.1,183,184.6,185.5,184.2,184.5,184.4,186.4,186.3,186.8,188,189.6,189,189,189.9,190.7,189.5,190.9,190.8,190.5,190.3,190.1,190.2,190.7,191.2,192.5,191.4,190.3,190.9,190.8,190.8,190.8,189.6,188.7,188.7,188.3,187.9,188.4,189.9,189.6,189.6,189.8,189.8,190.2
WC.lines.choke,dn_p,Downstream pressure,bar,0,350,,91.37,91.93,91.47,90.49,90.37,89.69,89.91,90.61,91.6,91.84,92.31,92.75,92.2,92.6,92.59,92.95,92.25,92.58,92.86,92.41,92.07,92.16,92.14,90.63,90.15,90.45,90.07,90.28,90.45,89.77,88.51,88.45,88.53,88.59,89.3,89.51,89.16,88.57,88.16,87.57,87.6,86.9,87.04,86.35,86.04,85.35,85.48,85.36,86.56,86.24,86.84,87.16,87.29,87.6,87.03,87.4,87.09,87.14,87.25,87.65
WC.lines.choke,temp,Body temp,C,0,120,100,40.18,40.52,40.45,40.84,41.02,40.7,40.66,40.3,40.2,39.73,40.24,40.45,40.35,40.56,40.64,40.69,40.6,40.58,40.65,40.97,41.42,41.51,41.69,41.56,41.72,41.8,41.7,41.33,41.6,41.65,41.44,41.35,41.47,41.63,42.1,41.9,41.83,41.92,41.88,41.83,41.74,41.67,41.59,41.46,41.49,41.92,41.88,41.86,41.78,41.66,41.54,41.59,41.49,41.49,41.76,41.45,41.49,41.51,41.62,41.87
WC.lines.kill,temp,Temperature,C,0,120,100,44.07,43.39,42.91,42.63,42.36,41.97,41.63,41.11,41.46,41.28,40.49,40.54,41.1,40.63,40.46,40.39,40.14,39.63,39.67,40.44,40.48,40.96,41.01,40.7,39.7,39.51,38.85,38.59,38.93,38.78,38.74,39.27,39.54,39.57,39.69,39.69,39.58,39.91,39.82,39.93,39.38,39.52,39.59,39.94,39.76,40.01,39.96,40.16,40.1,40.07,40.39,40.38,40.54,40.57,40.17,40.49,40.47,40.35,40.21,39.92
WC.lines.kill,vib,Vibration,mm/s,0,12,7.1,2.077,2.099,2.248,2.316,2.236,2.149,2.044,1.95,2.076,1.975,2.044,2.303,2.285,2.187,2.13,2.29,2.213,2.037,1.841,2.234,2.373,2.338,2.363,2.645,2.82,2.885,2.907,2.99,3.015,2.955,2.975,3.206,3.244,3.188,2.961,2.883,2.845,2.793,2.715,2.586,2.426,2.576,2.335,2.19,2.03,1.913,1.949,1.908,1.83,1.857,1.985,2.063,2.086,2.047,1.915,1.924,1.765,1.904,1.785,1.505
WC.lines.kill,load,Load,%,0,100,95,59.44,58.69,59.39,58.79,59,58.92,58.91,58.65,58.64,57.88,58.08,57.81,57.95,58.18,56.88,56.64,56.74,56.09,56.2,55.6,55.21,55.06,54.01,53.33,53.01,52.04,52.62,51.47,52.23,51.59,51.96,53.18,53.11,53.12,53.45,53.1,53.66,53.88,54.55,54.74,54.72,54.29,54.41,54.22,53.18,53.45,53.23,53.05,53.45,53.93,54.04,54.28,54.58,54.85,55.82,55.45,55.47,55.7,55.81,56.26
WC.wellhead,pos,Valve position,%,0,100,,71.95,71.96,71.93,72.01,71.96,71.81,71.86,71.79,71.74,71.6,71.6,71.53,71.47,71.66,71.51,71.54,71.69,71.87,71.91,71.87,72.03,71.95,72.07,71.95,72.27,72.3,72.44,72.17,72.08,72.19,72.3,72.26,72.14,72.17,72.33,72.28,72.46,72.46,72.38,72.56,72.69,72.66,72.59,72.51,72.52,72.71,72.6,72.61,72.51,72.38,72.6,72.67,72.91,72.85,72.81,72.71,72.71,72.68,72.82,72.71
WC.wellhead,up_p,Upstream pressure,bar,0,350,320,184.3,184,183.7,184,184.1,183.5,184.8,185.6,185.7,186.2,185.6,185,186.8,187.1,186.8,187.5,188.1,187.6,189.7,188.4,188.7,188.9,188.4,187.5,186,185,184.7,183.8,182.6,182.9,182.8,183.7,182.9,183.6,181.5,181.6,181.9,181,181,182.3,183.7,182.8,184.2,185.2,185,183.8,185.2,184.7,183.1,182.8,182.5,181,181.1,180.8,181.4,182.2,184.3,185.7,184.5,185.3
WC.wellhead,dn_p,Downstream pressure,bar,0,350,,93.88,93.54,93.23,93.25,93.13,92.7,92.69,93.5,92.93,92.99,93.31,92.61,92.44,93.09,93.36,93.62,94.66,94.43,94.63,94.94,95.58,95.51,95.24,95.44,94.9,94.95,95.12,94.73,95.21,95.15,95.79,95.82,95.75,96.26,96.03,96.86,97.15,97.45,97.5,97.96,97.33,97.13,96.94,96.72,96.12,96.24,95.73,94.74,95.1,95.96,96.36,97.1,97.16,96.45,96.63,96.54,96.38,96.11,96.25,96.6
WC.wellhead,temp,Body temp,C,0,120,100,40.49,40.24,39.91,39.97,40.16,40.22,40.23,40.01,40.05,40.21,40.45,40.17,40.16,39.99,39.83,39.76,39.56,39.44,39.57,39.49,39.72,39.54,39.65,39.79,39.61,39.86,39.79,40.16,40.17,40.31,39.81,39.7,39.49,39.7,39.68,39.85,39.39,39.44,39.83,39.63,39.63,39.53,39.87,39.81,39.97,39.93,39.69,39.88,39.97,40.1,40.12,40.14,40.43,40.38,40.26,40.27,40.47,40.5,40.63,40.56
WC.wellhead.head,pos,Valve position,%,0,100,,72.02,71.88,72.01,72.02,71.92,71.95,71.96,71.8,71.91,71.96,71.85,71.97,72.02,71.66,71.64,71.75,71.77,71.77,71.83,71.83,71.96,72.02,71.99,71.88,71.85,71.89,72,72.17,72.07,72.23,72.1,72.03,72.17,72.26,72.34,72.28,72.25,72.41,72.43,72.24,72.24,72.28,72.28,72.42,72.24,72.24,72.25,72.15,72.11,71.92,71.8,71.83,71.93,72.02,72.07,71.91,71.78,71.71,71.64,71.65
WC.wellhead.head,up_p,Upstream pressure,bar,0,350,320,189.1,191.2,191.9,192.5,192.7,192,192.7,191.9,192.7,193,193.1,194,194.5,194.9,194.6,193.9,192.9,193.4,193,194,194.5,194.7,194.4,195.3,195.7,197.4,195.3,197.2,197.5,198.4,198.6,199,199.8,200.7,200.6,200,200.3,199.5,198.4,198.7,200.2,197.6,197,195.9,195.2,195.7,195,193.2,192.9,192.3,192.8,191.4,191.4,190.8,190.5,191,191.3,189.6,189.6,189.4
WC.wellhead.head,dn_p,Downstream pressure,bar,0,350,,92.47,92.18,92.82,93.72,94.09,93.26,93.57,93.92,94.32,94.7,95.01,94.85,95.33,96.37,96.37,96.54,96.75,96.04,95.44,95.03,94.96,95.99,96.27,96.85,96.37,96.71,96.68,96.34,96.28,95.38,95.16,95.26,95.09,95.46,94.61,93.77,93.43,92.85,92.94,92.71,92.55,91.77,91.75,90.96,90.94,91.39,91.7,91.06,91.13,91.23,90.84,90.39,89.72,89.92,89.81,89.17,89.33,89.56,89.32,89.03
WC.wellhead.head,temp,Body temp,C,0,120,100,40.13,40.1,39.96,40.07,40.08,39.88,39.98,40.21,40.12,39.94,39.4,39.17,39.08,39.23,39.43,39.11,38.89,38.82,39.11,38.98,39.09,39.16,39.22,39.33,39.33,39.15,38.82,38.68,38.74,38.86,38.88,38.82,38.74,38.53,38.48,38.52,38.59,38.56,38.99,38.84,39.05,38.93,39.03,38.96,39.04,39.38,39.27,39.42,39.51,39.36,39.61,39.64,39.27,38.94,38.97,39,39.23,39.43,39.43,39.67
WC.wellhead.conductor,temp,Temperature,C,0,120,100,45.66,46.09,46.2,45.98,45.09,45.25,45.45,45.34,45.29,45.32,45.62,46.61,46.61,47.01,46.26,46.18,46.04,46.11,46.57,46.89,46.16,45.85,45.53,45.25,45.1,44.83,45.09,45.19,44.88,45.05,44.96,45.21,45.48,45.41,45.42,45.33,45.52,45.74,45.84,46.49,46.24,46.27,45.95,45,45.01,45.63,45.64,45.17,45.33,45.03,44.99,44.94,45.06,45.43,45.33,45.28,45.6,46.17,45.62,45.5
WC.wellhead.conductor,vib,Vibration,mm/s,0,12,7.1,2.203,2.252,2.254,2.432,2.594,2.663,2.862,2.794,2.989,2.972,3.134,3.341,3.188,3.143,3.076,3.005,3.099,3.161,3.138,3.211,2.969,3.076,2.918,3.025,3.048,3.28,3.356,3.382,3.405,3.594,3.82,4.181,4.072,4.285,4.336,4.212,4.174,4.342,4.236,4.321,4.23,4.319,4.118,4.075,4.118,4.119,4.197,4.174,4.267,4.335,4.345,4.346,4.225,4.159,4.024,3.926,4.073,4.003,3.861,3.768
WC.wellhead.conductor,load,Load,%,0,100,95,59.76,59.67,59.68,59.62,59.54,59.86,58.87,59.58,59.71,58.46,59.42,59.28,60.59,60.21,60.41,59.35,58.95,57.56,57.91,58.06,58.22,57.58,57.39,56.76,55.84,57.11,56.81,57.53,56.89,56.33,56.05,56.57,55.2,54.43,54.65,54.94,54.64,54.32,54.24,54.39,53.7,53.13,52.96,52.77,52.53,52.8,51.78,51.09,50.89,50.41,51.07,51.03,49.86,49.45,48.59,49.3,48.74,49.41,48.89,48.98
WC.wellhead.surface,temp,Temperature,C,0,120,100,46.41,46.56,46.76,46.75,46.73,46.98,46.61,46.5,46.68,46.48,46.2,46.39,46.2,46.77,47.36,46.93,46.74,46.64,46.61,46.44,46.17,46,46.33,46.22,46.32,46.36,46.43,47.03,46.8,46.83,46.49,47.05,46.71,46.73,46.28,45.6,45.5,45.4,45.7,45.87,45.59,46.01,45.83,45.89,46.24,46.6,46.51,46.51,46.61,46.74,46.51,46.45,45.62,45.76,46.34,46.69,46.01,45.28,45.37,44.79
WC.wellhead.surface,vib,Vibration,mm/s,0,12,7.1,2.084,2.271,2.303,2.115,2.402,2.353,2.401,2.513,2.402,2.216,2.112,2.303,2.427,2.455,2.848,2.854,2.96,2.925,2.746,2.69,2.578,2.568,2.39,2.347,2.29,2.305,2.228,2.256,2.176,2.152,2.315,2.317,2.258,2.301,2.231,2.399,2.585,2.659,2.657,2.818,2.778,2.816,2.855,2.954,2.924,2.937,2.873,2.935,2.975,2.717,2.534,2.468,2.247,2.322,2.491,2.421,2.417,2.442,2.278,2.135
WC.wellhead.surface,load,Load,%,0,100,95,54.57,53.99,53.5,52.46,52.33,52.12,51.79,52.03,52.35,52.39,51.86,52.57,51.79,51.82,52.43,50.76,50.72,49.72,50.13,50.66,50.59,50.12,49.81,51.09,52.23,52.42,51.4,51.6,51.66,52.35,51.34,51.54,51.94,52.72,52.97,53.76,53.93,55.27,55.29,55.54,56.35,55.16,55.28,55.97,55.54,55.22,55.8,56.65,56.55,55.68,55.14,54.52,53.56,53.59,54.73,54.61,55.35,56.16,56.64,56.41
WC.wellhead.intermediate,temp,Temperature,C,0,120,100,47.19,47.94,47.71,48.04,47.72,47.58,47.89,47.55,47.49,47.78,47.87,47.83,48.1,47.43,47.88,47.82,48.43,48.27,48.47,48.91,49.09,48.94,49.38,49.31,48.55,48.67,48.73,49.39,49.53,49.47,49.08,49.14,49.34,49.78,49.21,48.81,48.97,48.48,48.47,49.08,49.21,48.65,48.9,49.19,49.42,48.88,48.72,49.15,48.33,48.72,48.75,48.64,48.32,48.85,48.6,48.81,49.52,49.18,49.3,49.36
WC.wellhead.intermediate,vib,Vibration,mm/s,0,12,7.1,1.799,2.036,1.889,2.056,2.099,1.979,1.896,1.6,1.598,1.58,1.63,1.695,1.77,1.725,1.634,1.521,1.462,1.552,1.643,1.372,1.349,1.227,1.407,1.321,1.61,1.714,1.837,1.813,1.853,1.908,1.792,1.749,1.728,1.758,1.733,1.881,1.889,1.731,1.605,1.616,1.609,1.569,1.63,1.827,1.622,1.176,1.093,1.17,1.392,1.455,1.539,1.625,1.657,1.835,2.027,1.835,1.964,2.086,2.053,1.831
WC.wellhead.intermediate,load,Load,%,0,100,95,62.25,62.47,61.36,61.48,61.28,61.65,61.43,62.31,62.65,63,63.32,62.56,62.73,63.3,62.57,61.63,61.13,61.31,61.15,60.37,60.17,60.11,59.12,58.16,58.13,57.86,56.56,56.47,58.48,57.15,58.51,58.87,59.48,59.38,58.55,57.64,56.71,57.96,58.24,59.48,59.24,59.42,59.22,57.82,57.42,56.92,58.34,58.48,57.78,56.71,57.71,57.43,58.57,57.16,57.15,57.13,58.08,57.22,58.46,58
WC.wellhead.cement,temp,Temperature,C,0,120,100,43.76,43.88,43.85,44.14,44.52,44.8,45.02,45.44,45.21,45.65,45.96,45.68,45.85,45.78,45.49,45.25,45.41,45.46,45.76,45.59,45.42,45.33,45.4,45.33,44.77,45.01,44.68,44.52,44.51,44.63,44.75,44.51,44.88,44.18,44.12,44.51,44.73,44.98,44.44,44.35,44.74,44.86,45.34,45.31,45.14,44.94,44.76,44.32,44,43.36,43.83,43.33,42.7,42.21,41.87,41.42,41.62,41.11,41.42,41.18
WC.wellhead.cement,vib,Vibration,mm/s,0,12,7.1,1.545,1.601,1.894,1.785,1.882,1.809,1.907,1.947,1.901,1.805,1.981,2.058,2.015,1.858,1.608,1.486,1.683,1.787,1.966,2.006,1.981,1.81,1.782,1.89,1.966,1.941,2.022,1.855,1.805,1.815,1.772,1.817,1.767,1.705,1.859,1.94,2.151,2.326,2.407,2.359,2.292,2.377,2.557,2.671,2.706,2.824,3.089,3.069,2.938,2.803,2.622,2.613,2.552,2.419,2.338,2.392,2.455,2.458,2.289,2.447
WC.wellhead.cement,load,Load,%,0,100,95,54.99,54.84,55.86,56.84,55.5,56.58,56.97,57.03,57.19,57.43,57.43,55.83,56.88,55.33,55.62,56.69,56.03,56.06,55.73,54.54,52.74,52.62,52.49,52.2,52.32,52.46,53.19,53.09,53.59,54.93,55.9,55.9,55.78,54.22,53.06,53.19,52.48,53.02,54.01,53.68,55.06,55.06,54.21,56.04,55.79,55.14,54.46,54.72,54.73,53.08,52.35,52.48,52.2,52.42,52.17,53.13,53.03,54.47,54.29,54.49
WC.wellhead.openhole,temp,Temperature,C,0,120,100,44,44,43.79,44.03,43.69,42.98,42.92,42.88,42.5,42.81,42.37,42.27,42.78,42.64,42.75,43.3,43.17,43.95,44.13,44.42,43.93,43.83,43.21,43.45,43.34,43,43.41,43.44,43.02,43.36,43.77,43.59,43.97,43.78,44.46,44.25,44.4,44.37,44.74,44.46,44.51,44.44,44.4,44.14,44.09,43.6,43.89,43.71,43.52,42.63,41.78,41.69,41.79,41.54,41.72,41.46,41.6,41.67,41.41,41.43
WC.wellhead.openhole,vib,Vibration,mm/s,0,12,7.1,2.098,1.91,1.562,1.525,1.507,1.339,1.252,1.234,1.114,1.078,0.9999,1.073,0.9974,0.9156,0.6765,0.635,0.7372,0.8036,0.716,0.9027,0.7892,0.5832,0.6878,0.8403,0.731,0.8247,0.7566,0.7173,0.8714,0.8166,0.8023,0.5571,0.7186,0.6931,0.6744,0.5511,0.5655,0.5205,0.5752,0.4654,0.559,0.7489,0.8036,0.8904,0.8498,0.7707,0.6238,0.2909,0.07532,0,0.03207,0.1249,0,0,0.01228,0,0.07449,0,0.03059,0
WC.wellhead.openhole,load,Load,%,0,100,95,59.02,60.12,59.7,59.82,60.35,60.54,60.63,60.87,62.1,62.67,60.97,60.86,60.16,58.67,57.95,57.99,57.44,57.36,57.01,57.11,57.62,57.71,57.97,57.89,58.43,58.34,57.27,58.2,58.55,57.17,56.33,56.99,57.27,57.71,57.99,57.83,58.95,59.31,58.07,58.67,57.98,57.13,56.23,55.11,56,56.05,56.2,56.64,58.39,58.01,57.16,56.95,56.44,56,55.49,55.61,55,55.89,54.46,53.69
PS.gen,current,Current,A,0,900,800,429.1,429.8,430.7,431,429.6,425.3,423.1,424.1,422.8,427.2,430.4,433.4,429.9,428.3,424.4,426.1,431.3,431.8,430.5,426.4,430.5,428.9,430.2,427.8,429.5,432.8,436,436.8,439.1,440.2,439.8,443.8,443.9,443.4,445.7,445.3,446.6,446.6,449,445.3,446.1,446.7,445.2,445.7,446.5,444.9,440.9,442.8,440.7,439.5,440,438.1,438.8,438.1,438.3,436.9,435.7,435.6,436.1,437.6
PS.gen,winding_t,Winding temp,C,20,160,140,87.64,87.9,86.7,86.84,85.93,85.35,85.73,85.27,86.18,86.13,86.18,86.45,86.15,86.04,85.31,85.93,85.26,84.72,85.54,85.09,84.52,83.58,82.86,82.67,82.62,82.17,81.65,82.08,82.15,83.18,84.01,84.24,83.92,84.13,83.7,83.42,83.99,83.52,83.54,83.52,83.78,82.6,82.4,82.81,83.43,83.82,83.17,82.92,83.13,83.47,83.28,83.76,83.92,83.74,83.23,83.93,84.03,84.41,84.04,83.83
PS.gen,vib,Vibration,mm/s,0,12,7.1,2.428,2.647,2.683,2.497,2.384,2.645,2.623,2.905,2.955,2.918,2.899,3.004,3.043,3.083,2.902,2.796,2.894,2.959,2.85,2.734,2.616,2.641,2.672,2.742,2.779,2.624,2.875,2.876,2.889,2.681,2.796,2.842,2.815,2.894,2.924,3.043,2.964,2.897,2.991,3.106,3.199,3.189,3.307,3.301,3.382,3.175,3.264,3.061,3.01,3.304,3.527,3.533,3.4,3.549,3.585,3.408,3.598,3.686,3.771,3.752
PS.gen,load,Load,%,0,100,95,72.45,72.55,73.21,71.97,72.56,73.56,73.67,73.7,73.39,72.63,73.03,73.56,73.33,73.16,73.55,73.95,74.37,73.88,74.45,74.32,73.69,73.49,72.45,72.77,72.59,72.99,75.02,74.59,75.66,75.43,75.8,75.52,76.23,76.48,76.27,75.91,76.01,75.21,74.32,74.79,74.46,74.31,74.3,74.63,75.63,75.11,74.81,73.16,73.85,73.22,74.36,74.75,75.34,75.39,74.38,74.86,74.58,74.92,74.73,74.81
PS.gen.g1,temp,Temperature,C,0,120,100,47.2,47.32,47.66,47.53,48.19,48.32,47.77,47.44,47.09,46.71,47.32,47.21,46.97,47.58,47.82,47.5,47.14,47.51,46.53,46.09,46.55,46.93,46.77,46.63,46.33,46.16,46.08,45.73,46.18,46.74,47.11,47,47.44,47.4,47.9,48.78,48.64,48.49,48.75,48.3,48.52,48.63,48.5,48.8,48.76,48.84,49.43,49.78,49.27,48.99,48.89,49.39,49.46,49.8,49.8,49.97,50.44,50.91,50.76,50.75
PS.gen.g1,vib,Vibration,mm/s,0,12,7.1,2.398,2.276,2.211,2.332,2.447,2.151,2.213,2.166,2.16,2.152,2.194,2.039,1.873,1.694,1.644,1.572,1.503,1.48,1.691,1.315,1.335,1.522,1.643,1.709,1.664,1.54,1.508,1.54,1.503,1.516,1.301,1.453,1.434,1.48,1.387,1.426,1.488,1.531,1.419,1.372,1.356,1.154,0.9706,0.974,0.9356,0.767,0.921,0.9847,1.084,1.098,1.06,1.224,1.401,1.224,1.054,1.241,1.316,1.542,1.572,1.647
PS.gen.g1,load,Load,%,0,100,95,59.08,59.46,60.21,60.03,58.44,58.71,58.3,58.62,57.96,57.21,56.09,56.54,56.13,56.54,57.31,57.61,57.07,56.58,55.72,55.29,55.7,55.77,54.1,53.43,53.2,51.56,51.85,51.25,51.54,50.59,49.74,48.25,49.32,49.27,49.65,49.43,50.41,50.45,49.09,49.76,50.46,50.29,52.21,51.16,51.85,50.8,51.76,52.1,51.87,51.76,51.63,51.45,51.34,50.73,51.23,51.39,51.19,50.4,50.1,49.58
PS.gen.g2,temp,Temperature,C,0,120,100,45.23,45.23,45.6,45.28,45.18,45.09,45.46,45.2,45.04,44.55,44.73,44.89,44.87,45.48,45.44,45.55,45.33,44.93,45.39,45.35,45.47,45.56,45.91,45.51,45.28,46.03,45.65,45.11,44.8,45.65,45.76,45.96,46.34,46.25,46.5,46.63,47.01,47.22,47.51,47.07,47.56,47.65,47.87,47.52,47.12,47.07,47.54,48.06,47.69,47.74,47.92,48.1,48.26,48.62,49.17,48.74,48.87,48.94,49.04,49.01
PS.gen.g2,vib,Vibration,mm/s,0,12,7.1,2.26,1.791,1.97,2.034,1.662,1.58,1.46,1.54,1.577,1.816,1.733,1.73,1.874,1.95,2.014,2.196,2.111,2.171,2.032,2.07,2.024,2.041,2.187,2.181,2.103,2.24,1.918,1.698,1.936,1.89,1.743,1.219,1.243,1.424,1.638,1.753,1.864,1.546,1.653,1.692,1.6,1.501,1.567,1.706,1.664,1.585,1.428,1.441,1.401,1.209,1.13,0.9293,1.016,0.8175,0.676,0.5432,0.4944,0.634,0.9047,0.8908
PS.gen.g2,load,Load,%,0,100,95,58.88,59.24,57.94,58.38,58.06,58.05,58.09,57.73,57.56,59.01,59.05,58.48,58.97,59.87,60.36,60.97,61.16,61.1,61.96,61.17,60.95,60.39,59.67,60.42,60.55,60.87,60.23,60.62,60.01,58.83,58.86,60.22,59.6,58.58,58.99,57.76,57.82,57.34,57.79,57.15,56.31,57.01,57.31,56.96,56.24,55.51,54.54,54.75,53.85,53.1,53.14,52.84,52.13,51.91,51.19,51.27,50.92,50.83,50.26,50.34
PS.gen.g3,temp,Temperature,C,0,120,100,45.46,45.34,45.27,45.29,45.08,45.69,45.37,45.77,45.94,45.71,45.67,46.08,46.48,46.21,45.87,45.9,46.47,46.37,46.12,46.08,45.93,46.11,46.33,46.33,46.62,46.48,46.36,46.41,46.1,45.73,45.94,46.27,45.74,45.83,45.94,46.71,46.84,46.4,46.29,46.67,46.41,46.88,47.03,47.07,47.46,47.25,47.59,47.13,46.3,45.81,45.33,45.18,45.46,45.58,45.43,45.76,46.16,46.1,45.56,45.52
PS.gen.g3,vib,Vibration,mm/s,0,12,7.1,1.202,1.102,1.223,1.1,1.28,1.584,1.707,1.581,1.73,1.573,1.485,1.28,1.325,1.343,1.345,1.363,1.434,1.665,1.533,1.459,1.53,1.595,1.693,1.571,1.477,1.45,1.346,1.423,1.456,1.699,1.607,1.546,1.595,1.81,1.751,1.969,2.012,2.034,2.098,1.99,2.064,1.817,1.738,1.766,1.579,1.559,1.492,1.602,1.626,1.749,1.677,1.707,1.679,1.838,1.746,1.617,1.718,1.752,1.774,1.543
PS.gen.g3,load,Load,%,0,100,95,60.22,59.98,59.18,59.37,59.66,60.92,61.38,61.78,61.89,60.27,60.81,59.44,59.66,60.68,61.69,61.18,59.71,58.82,59.21,60.2,60.54,59.51,58.45,58.25,58.67,57.69,58.22,59.47,59.25,58.35,58.26,58.29,57.43,58.22,58.86,58.43,60,60.04,60.12,60.48,60.41,60.22,60.26,60.11,59.38,59.57,60.57,60.76,61.5,62.39,61.13,61.05,61.33,60.64,60.14,60.37,58.55,58.37,58.1,58.89
PS.gen.exhaust,temp,Temperature,C,0,120,100,44.47,44.48,44.07,44.41,44.63,44.56,44.73,44.55,44.68,44.25,44.08,44.18,44.73,44.89,44.83,45.23,45.24,45.27,45.34,45.48,44.85,45.54,45.89,45.46,44.88,44.28,44.2,44.41,45.03,44.56,44.71,45.05,44.93,45.11,45.09,45.12,45.66,45.13,45.81,45.81,46.05,45.9,45.58,46.07,45.58,45.71,45.78,45.55,45.32,45.25,45.1,44.58,44.3,44.16,44.23,44.34,44.11,43.91,44.57,44.79
PS.gen.exhaust,vib,Vibration,mm/s,0,12,7.1,1.726,1.774,1.825,2.028,1.802,1.762,1.74,1.67,1.663,1.797,1.927,2.035,2.12,2.155,2.127,2.159,2.251,2.246,2.348,2.406,2.377,2.316,2.266,2.34,2.182,2.308,2.265,2.103,2.288,2.157,2.003,2.167,2.444,2.403,2.344,2.387,2.387,2.28,2.11,2.162,2.363,2.318,2.285,2.457,2.627,2.729,2.608,2.569,2.378,2.275,2.189,2.295,2.395,2.577,2.612,2.556,2.689,2.741,2.678,2.553
PS.gen.exhaust,load,Load,%,0,100,95,55.26,54.4,53.97,54.2,54.15,54.06,54.04,53.76,53.76,54.96,54.7,54.7,55.77,56.12,56.07,56.73,55.94,56.64,56.95,57.92,58.27,58.46,58.26,58.02,58.18,58.12,59.2,58.96,58.73,57.73,57.3,56.37,57.14,57.45,57.15,58.16,58.83,58.26,58.35,58.41,57.81,57.31,56.51,57.16,57.28,56.95,56.29,55.66,55.52,55.33,54.93,54.4,53.65,53.88,53.51,52.75,52.08,51.48,52.22,51.83
PS.gen.radiators,temp,Temperature,C,0,120,100,46.3,46.47,46.98,47.16,47.79,47.58,47.08,47.34,46.43,46.48,46.83,47.46,47.63,47.59,48.43,47.68,47.84,47.5,47.53,47.28,47.24,46.99,47.25,46.94,46.52,46.41,46.76,47,47.1,47.29,47.58,47.99,48.37,48.73,48.63,49.1,49.81,50.55,50.13,50.36,50.48,49.63,49.13,49.7,49.27,48.86,48.83,48.77,48.24,48.61,48.05,48.11,47.67,47.62,47.89,48.08,47.82,48.03,48.02,47.31
PS.gen.radiators,vib,Vibration,mm/s,0,12,7.1,1.887,1.712,1.759,1.693,1.712,1.952,2.118,2.157,2.237,2.409,2.504,2.574,2.57,2.302,2.55,2.666,2.821,2.739,2.869,2.873,2.711,2.955,2.834,2.741,2.864,2.931,3.079,3.147,2.684,2.66,2.815,2.799,2.63,2.916,2.878,2.799,2.985,2.684,2.843,2.912,3.213,3.058,3.164,3.536,3.731,3.482,3.736,3.519,3.26,3.133,3.174,3.282,3.077,2.964,3.286,2.965,3.121,3.037,3.226,3.236
PS.gen.radiators,load,Load,%,0,100,95,56.92,57.56,57.38,58.41,58.31,58.73,59.48,59.04,58.99,58.32,58.31,57.32,57.59,58.52,58.18,58.76,60.08,60.06,59,58.99,58.85,58.74,58.8,59.3,59.69,58.92,59.56,59.33,59.49,59.68,59.75,61.01,61.47,63,61.97,62,63.08,62.37,63.41,63.86,63.83,64.5,64.38,64.06,63.39,62.68,61.5,62.29,61.95,63.09,63.04,62.64,62.96,62.47,63.3,62.82,61.81,61.22,60.23,60.01
PS.vfd,temp,Temperature,C,0,120,100,47.69,47.15,46.91,46.14,46.61,46.7,46.5,46.8,47.19,47.65,47.59,47.71,47.86,47.55,47.55,47.78,48.48,48.79,48.77,48.3,47.75,47.79,47.64,47.21,47.43,46.97,46.86,46.9,46.69,46.75,46.86,46.47,46.85,46.76,45.99,46.22,46.24,45.98,46.37,47.23,46.97,47.08,47.28,47.28,47.26,47,47.13,47.47,47.27,47.2,47.01,47.05,46.9,46.9,46.42,46.68,46.06,46.05,46.42,46.01
PS.vfd,vib,Vibration,mm/s,0,12,7.1,2.779,2.881,3.122,2.971,2.959,2.912,2.802,2.452,2.474,2.47,2.506,2.578,2.254,2.064,1.807,1.949,2.007,1.854,1.637,1.833,1.739,1.708,1.666,1.805,1.948,1.81,1.95,1.935,2.064,2.232,2.083,1.862,2.127,2.177,2.389,2.307,2.244,2.253,2.352,2.51,2.407,2.581,2.575,2.644,2.563,2.594,2.628,2.427,2.674,2.766,2.659,2.575,2.391,2.477,2.555,2.625,2.622,2.712,2.874,2.782
PS.vfd,load,Load,%,0,100,95,57.15,57.19,56.95,57.04,57.23,57.65,57.79,58.54,58.14,57.6,57.07,57.53,58.19,57.96,57.7,58.73,58.95,59.24,59.59,60.06,60.63,60.76,60.72,60.51,61.27,62.11,63.08,62.37,61.64,61.7,60.93,60.31,61.01,61.62,60.44,59.24,59.72,59.69,58.93,58.88,59.64,59.35,58.63,57.15,58.41,60.04,59.94,59.6,58.78,59.84,60.56,59.84,60.67,60.33,59.94,59.9,59.98,60.85,61.4,61.25
PS.vfd.drives,current,Current,A,0,900,800,427.4,426.9,425.8,428,424.9,425.6,429.4,432.7,436.5,437.5,438.7,437.8,441.6,442.4,447.3,442.2,447.6,446.7,448.7,450.5,448.1,450.3,445.7,449.2,451.5,447.7,448.4,445.5,443.8,444.9,443.9,440.2,445.4,445.2,441.9,441.4,444,444.5,441.2,436.1,439.5,441.3,442.6,442.5,444.6,442.6,447.6,448.7,445,444.3,444.1,446.3,444.8,442.8,445,445.6,445.5,442.2,442.1,442.8
PS.vfd.drives,winding_t,Winding temp,C,20,160,140,88.08,88.38,88.58,88.55,88.69,88.87,88.55,87.87,88.64,88.44,88.16,87.81,88.62,88.7,88.42,88.48,88.74,88.73,88.15,88.69,89.74,90.07,90.49,90.49,90.33,90.43,90.87,90.62,92.06,91.93,91.48,91.35,90.17,90.2,90.78,91.25,91.55,91.96,92.78,92.69,92.02,92.4,92.97,93.34,92.84,92.74,91.72,91.38,91.37,90.88,90.67,90.43,89.74,90.07,89.33,89.73,89.57,89.47,89.53,89.5
PS.vfd.drives,vib,Vibration,mm/s,0,12,7.1,1.791,1.968,1.985,1.886,1.896,1.658,1.615,1.602,1.489,1.454,1.254,1.045,1.08,1.05,1.191,1.066,1.13,0.8413,0.7747,0.7514,0.645,0.6733,0.7388,0.804,0.9472,0.6912,0.9549,0.7686,0.9293,0.9513,0.7584,0.6656,0.7459,0.6799,0.7066,0.5131,0.436,0.3653,0.2175,0.1073,0.1944,0.1746,0,0.1059,0.3023,0,0.1296,0.2541,0.2846,0.4023,0.4262,0.4043,0.5147,0.5733,0.6858,0.8113,0.9241,0.6502,0.623,0.7519
PS.vfd.drives,load,Load,%,0,100,95,74.28,74.1,74.13,74.37,74.07,74.17,73.66,73.31,73.68,73.6,73.84,74.14,73.9,73.75,73.6,72.98,72.9,73.32,74.35,73.68,73.72,73.57,74.2,74.46,75.67,75.25,75.1,74.57,74.08,74.18,73.75,74.69,73.84,73.74,73.8,73.04,72.79,72.4,73.57,73.81,73.99,74.86,73.77,73.72,73.45,72.65,73.69,73.54,73.83,73.19,73.28,72.96,73.51,72.62,73.28,73.56,72.79,72.22,72.8,72.61
PS.vfd.switchgear,temp,Temperature,C,0,120,100,48.17,47.98,48.1,48.57,48.5,48.59,48.96,48.6,48.94,49.67,49.1,49.05,49.2,49.19,49.91,50.09,50.03,50.46,50.98,50.47,50.71,50.54,50.33,49.96,49.41,49.58,49.41,49.75,49.98,50.28,50.35,50.12,50.89,50.93,51.15,51.68,51.87,51.88,51.88,51.73,52.19,52.05,52.15,51.78,51.82,51.91,52.28,52.29,52.39,52.49,52.67,52.81,53.85,54.86,54.6,54.08,54.37,53.84,53.77,53.99
PS.vfd.switchgear,vib,Vibration,mm/s,0,12,7.1,2.824,2.971,2.954,3.126,3.165,3.064,2.834,2.767,2.605,2.482,2.185,2.156,2.269,2.367,2.157,2.056,2.042,1.949,2.17,2.077,2.02,2.316,2.446,2.564,2.646,2.479,2.289,2.388,2.29,2.254,2.359,2.139,2.318,2.504,2.628,2.422,2.33,2.25,2.42,2.357,2.46,2.452,2.361,2.242,2.306,2.251,2.277,2.263,2.284,2.417,2.567,2.476,2.306,2.504,2.635,2.312,2.453,2.32,2.355,2.337
PS.vfd.switchgear,load,Load,%,0,100,95,54.83,55.17,54.55,54.98,54.24,54.83,55.34,56.23,56.03,57.01,55.44,55.57,56.25,56.28,55.86,53.78,54.18,54.67,54.5,55.84,56.42,55.95,55.34,55.57,55.18,55.84,55.7,56.76,55.72,56.2,56.47,57.04,57.1,57.39,56.65,56.76,55.7,54.99,56.11,55.7,55.08,55.19,55.98,56.44,56.71,56.25,55.86,55.77,56.5,56.26,56.12,56.05,57.3,56.6,57.28,56.58,55.92,54.96,54.57,54.28
PS.vfd.resistors,temp,Temperature,C,0,120,100,46.89,46.71,46.43,46.4,46.71,46.64,46.3,46.03,45.7,45.86,46.17,46,45.98,45.9,45.88,45.71,45.55,45.99,45.95,44.84,44.57,44.7,44.75,44.39,44.91,44.89,44.47,44.63,44.85,45.1,44.17,44.55,44.3,44.25,43.4,42.58,43.31,42.98,43.89,44.68,45.54,46.32,46.54,46.74,47.48,48.01,47.64,47.78,47.95,48.81,48.6,49.68,50.16,50.81,51.38,52.08,52.84,52.97,53.61,53.93
PS.vfd.resistors,vib,Vibration,mm/s,0,12,7.1,3.039,3.018,3.052,2.998,2.89,2.842,2.654,2.638,2.599,2.604,2.729,2.816,2.809,2.788,2.581,2.594,2.63,2.735,2.845,2.946,3.114,3.226,3.27,3.339,3.383,3.496,3.632,3.421,3.362,3.067,2.728,2.694,2.671,2.58,2.539,2.513,2.599,2.598,2.407,2.283,2.32,2.131,2.251,2.418,2.429,2.514,2.373,2.232,2.218,2.045,1.968,2.072,2.196,2.158,2.218,2.178,2.165,2.166,2.103,2.121
PS.vfd.resistors,load,Load,%,0,100,95,56.71,57.35,57.72,57.8,59.09,59.5,59.48,60.2,59.55,59.75,58.59,59.2,58.94,58.49,57.52,57.55,56.49,56.26,55.93,55.48,56.33,57.25,57.19,57.12,56.33,57.07,56.92,57.3,57.93,57.52,57.45,57.09,57.19,57.72,57.4,57.04,57.97,57.72,58.55,58.41,58.52,59.41,59.19,58.53,57.43,56.81,57.52,57.35,58.39,58.53,58.96,58.78,57.76,58.81,60.27,59.1,59.28,58.78,58.8,60.66
PS.vfd.plc,temp,Temperature,C,0,120,100,46.95,46.97,46.75,46.93,46.41,46.36,46.51,45.51,45.56,45.73,45.44,45.54,45.04,45.37,45.55,45.77,45.09,44.89,44.75,44.73,44.49,44.58,44.51,44.71,44.23,44.53,44.84,44.37,44.27,44.12,43.93,43.82,42.86,43.56,43.41,43.49,43.02,43.42,43.16,42.86,43.26,43.56,43.11,42.57,42.91,42.67,42.65,42.27,41.81,41.67,41.58,41.72,41.58,41.31,41.75,41.23,41.15,40.75,40.9,40.7
PS.vfd.plc,vib,Vibration,mm/s,0,12,7.1,2.056,2.413,2.43,2.472,2.434,2.321,2.269,2.536,2.571,2.366,2.367,2.311,2.254,2.041,2.238,2.298,2.333,2.331,2.387,2.098,2.042,2.152,2.238,2.181,2.352,2.426,2.416,2.225,2.014,2.141,1.916,1.915,1.937,2.065,2.031,1.946,1.748,1.664,1.627,1.781,1.8,1.925,1.802,1.638,1.717,1.68,1.983,2.042,2.024,1.994,2.151,2.057,1.863,1.942,2.041,1.94,1.989,1.997,2.076,2.096
PS.vfd.plc,load,Load,%,0,100,95,61.13,60.8,60.49,60.17,59.94,60.16,60.76,61.1,62.06,63.09,62.63,62.18,62.06,61.97,61.55,61.1,61.47,61.93,61.61,61.34,60.59,60.96,61.4,61.37,61.35,61.92,62.29,62.63,63.97,63.73,64.44,64.78,65.39,63.73,62.71,62.78,63.02,62.39,62.56,63.33,63.32,62.62,62.98,62.6,62.58,62.55,62.31,61.47,61.25,61.11,60.76,60.61,60.44,61.9,60.99,61.7,61.93,62.13,62.13,62.68
PS.fuel,temp,Temperature,C,0,120,100,48.61,48.58,48.74,48.32,48.1,48.26,48.43,47.82,48.27,47.75,48.02,48.33,48.52,48.91,49.29,49.04,49.21,48.8,48.79,49.05,48.78,48.64,48.42,47.95,48.1,47.33,46.86,46.82,46.4,46.04,46.68,46.85,46.49,46.88,46.64,46.51,46.35,46.45,46.43,46.49,46.37,46.82,46.33,46.21,46.57,46.28,46.03,46.46,46.2,45.97,45.87,46.08,45.94,46.68,46.86,46.63,46.98,46.68,46.9,46.49
PS.fuel,vib,Vibration,mm/s,0,12,7.1,3.158,3.285,3.181,3.274,3.375,3.514,3.337,3.342,3.195,3.156,3.283,3.461,3.351,3.429,3.52,3.543,3.535,3.444,3.377,3.416,3.323,3.216,3.346,3.219,3.052,3.096,3.177,2.827,2.601,2.784,2.917,3.067,3.028,2.883,2.717,2.916,2.767,2.916,3.069,3.21,3.131,3.014,3.066,3.039,3.018,3.019,2.743,2.796,2.777,2.726,2.724,2.816,2.708,2.838,2.697,2.547,2.584,2.611,2.555,2.625
PS.fuel,load,Load,%,0,100,95,58.39,58.66,57.58,56.88,57.31,57.51,57.57,56.72,55.01,55.31,56.02,56.39,55.34,55.16,54.76,55.74,54.56,54.36,53.52,54.1,53.95,53.93,54.48,54.09,53.27,53.38,52.81,53.85,53.67,53.29,53.44,52.74,52.5,51.87,51.11,49.74,49.29,50.23,49.67,50.52,49.83,48.82,48.08,47.56,47.72,48.03,49.34,48.86,48.78,49.29,49.49,48.95,49.63,49.04,49.52,50.79,50.44,50.66,49.29,48.86
PS.fuel.bulk,level,Level,%,0,100,90,62.1,62.15,61.98,61.73,61.54,61.39,61.28,61.15,61.17,61.3,61.27,61.19,61.36,61.42,61.42,61.24,61.45,61.95,62.04,61.81,62.19,61.95,61.87,61.82,61.44,61.18,60.85,60.94,60.63,60.41,60.31,60.47,60.63,60.25,60.07,59.91,60.01,60.34,60.61,60.33,60.21,60.2,60.14,60.29,60.49,60.57,60.34,60.4,60.18,60.11,60.15,60.06,60.23,59.77,59.94,59.56,59.43,59.43,59.54,59.76
PS.fuel.bulk,temp,Temperature,C,-170,80,,23.93,23.89,23.83,23.83,23.96,23.83,23.82,23.79,23.88,23.85,23.92,23.95,23.94,23.97,24.01,23.87,23.82,23.75,23.64,23.58,23.54,23.28,23.33,23.39,23.43,23.33,23.35,23.4,23.37,23.45,23.52,23.52,23.28,23.02,22.81,22.81,22.87,22.84,22.97,22.86,22.8,22.92,22.83,22.74,22.82,23.04,23.17,23.27,23.41,23.3,23.17,23.19,23.19,23.38,23.3,23.29,23.36,23.37,23.24,23.18
PS.fuel.bulk,press,Pressure,kPa,-2,30,25,7.809,7.769,7.801,7.685,7.721,7.906,7.676,7.739,7.564,7.538,7.511,7.544,7.588,7.503,7.692,7.743,7.845,7.873,7.806,7.855,7.628,7.69,7.641,7.446,7.502,7.549,7.616,7.525,7.748,7.589,7.834,7.801,7.743,7.845,7.912,7.927,7.995,7.884,7.646,7.695,7.758,7.715,7.725,7.629,8.011,8.053,8.094,8.08,8.223,8.078,8.082,8.127,7.957,7.815,7.583,7.433,7.229,7.009,6.748,6.547
PS.fuel.day,level,Level,%,0,100,90,61.28,61.09,61.31,60.9,60.76,61.09,61.19,60.9,60.76,60.87,61.08,61.01,61.19,61.49,61.74,61.79,61.69,61.44,61.07,61.59,61.49,61.55,61.65,61.4,61.41,61.52,61.83,61.65,61.99,62.13,62.44,62.7,62.63,62.63,62.39,62.17,62.37,62.1,62.04,61.65,61.41,61.13,60.81,60.73,60.88,60.86,60.64,60.68,60.72,60.59,60.66,60.7,60.71,60.95,60.92,60.99,60.92,60.77,60.74,60.98
PS.fuel.day,temp,Temperature,C,-170,80,,24.29,24.18,24.13,23.98,23.73,23.84,24.01,24,24,24.01,23.89,23.99,23.94,24,23.94,23.85,23.82,23.87,23.85,23.84,23.74,23.84,23.93,24.17,24.13,24.06,24.15,24.24,24.4,24.16,24.23,24.25,24.18,24.25,24.25,24.12,24.08,24.14,24.21,24.17,24.16,24.16,24.01,23.98,24.05,24.17,24.22,24.24,24.12,24.12,23.99,23.88,24,24.17,24.3,24.3,24.26,24.25,24.27,24.29
PS.fuel.day,press,Pressure,kPa,-2,30,25,8.479,8.332,8.491,8.568,8.339,8.094,8.252,8.487,8.513,8.648,8.801,8.771,8.551,8.481,8.351,8.478,8.522,8.939,8.921,8.885,9.145,8.932,8.784,8.859,8.873,8.7,8.803,8.954,9.175,9.165,9.102,8.981,9,9.159,9.182,9.148,9.098,9.108,9.136,9.47,9.279,9.385,9.475,9.432,9.191,9.22,9.266,9.132,8.926,8.776,8.617,8.689,8.448,8.429,8.329,8.111,7.937,8.047,8.149,8.082
PS.fuel.transfer,flow,Flow,m3/h,0,400,360,242.1,240.3,240.4,241.1,238.8,233.9,236.9,237.5,234.8,236.1,237.4,237.6,240.4,241.1,239.4,241,244,246.9,251.9,248.6,247.7,247.5,249.2,251.9,250.4,251.1,249.6,250.3,250,250.2,250.7,247.9,252.7,252.6,254.5,258.4,260.2,260.4,258.4,260.2,262.8,262.2,264.7,261.9,258.7,258.1,254.4,258.2,255,257.2,260.6,261.4,261.1,260,259,261,261.2,259.4,258.8,260.5
PS.fuel.transfer,disch_p,Discharge pressure,bar,0,60,52,37.52,36.91,37.11,36.85,36.76,36.12,36.2,36.48,36.4,36.21,36.61,35.8,35.89,35.75,36.12,36.15,36.48,36.15,35.67,35.14,35.15,34.88,35.17,35.62,35.27,35.19,34.66,34.74,34.02,33.78,32.93,33.44,33.13,32.52,32.39,32.33,31.99,32.78,33,33.44,33.49,33.17,33.13,33.35,33.91,34.58,34.81,35.03,36.08,35.97,36.7,36.92,37.38,37.81,37.91,38.09,38.45,38.99,39.01,39.29
PS.fuel.transfer,vib,Vibration,mm/s,0,12,7.1,1.858,1.581,1.507,1.654,1.549,1.595,1.587,1.328,1.421,1.71,1.688,1.779,2.139,2.085,2.187,2.386,2.399,2.761,2.949,2.766,2.536,2.536,2.619,2.557,2.531,2.313,2.259,2.349,2.249,2.438,2.368,2.316,2.366,2.153,2.084,2.319,2.119,1.905,1.799,1.844,2.021,1.954,1.888,1.803,1.769,1.74,1.679,1.532,1.552,1.58,1.942,1.993,2.107,2.34,2.446,2.351,2.572,2.772,2.645,2.534
PS.fuel.transfer,brg_t,Bearing temp,C,20,110,85,54.96,55.21,55.05,55.31,55.09,55.74,55.5,55.47,54.96,55.14,55.6,56.25,56.34,56.34,56.67,57.33,57.93,58.71,58.66,57.51,57.05,57.01,57.49,57.98,58.76,59.21,59.77,59.88,59.68,58.85,58.28,58.43,58.49,58.64,58.39,58.87,59.03,58.83,58.8,57.87,57.04,57.22,56.04,56.1,55.98,56.84,56.4,55.88,55.3,55.13,55.99,56.19,56.57,56.06,54.81,54.57,54.24,54.51,55.36,56.26
PS.cables,temp,Temperature,C,0,120,100,47.83,47.84,48.76,48.51,48.29,48.24,48.6,48.83,48.92,49.25,49.78,49.6,49.52,49.75,49.69,49.39,49,49.3,48.76,48.72,48.66,48.57,48.07,48.09,48.4,48.99,49.01,48.69,48.05,48.77,49.1,49.12,49.91,50.42,49.87,50.31,50.86,51.05,51.39,51.83,51.79,51.79,51.66,51.49,51.82,51.76,51.83,51.41,51.32,51.77,52.73,52.61,52.89,53.15,53.12,52.85,52.98,52.93,52.97,53.22
PS.cables,vib,Vibration,mm/s,0,12,7.1,1.989,1.836,1.626,1.616,1.324,1.294,1.123,0.8159,0.7951,0.8576,0.7795,0.7566,1.012,1.423,1.282,1.153,1.127,0.9441,1.057,1.172,1.246,1.335,1.238,1.219,1.356,1.27,1.504,1.586,1.531,1.416,1.44,1.543,1.429,1.43,1.322,1.284,1.114,1.242,1.219,1.1,1.02,0.9773,1.231,1.256,1.244,1.473,1.472,1.411,1.492,1.529,1.347,1.611,1.543,1.72,1.584,1.596,1.595,1.796,1.788,1.849
PS.cables,load,Load,%,0,100,95,56.74,57.52,57.77,57.11,58.61,58.61,58.99,59.88,59.39,59.45,59.44,58.56,58.08,57.1,58.63,59.12,58.34,57.99,57.55,57.61,58.18,57.73,58.68,57.54,59.01,58.26,58.74,58.07,58.18,59.19,59.43,59.87,58.56,58.14,57.72,57.11,56.81,57.04,56.24,56.74,57.07,57.32,57.69,58.07,57.87,57.74,57.92,58.48,58.27,57.45,57.31,56.98,57.86,57.1,56.41,55.29,56.56,56.95,58.67,59.07
PS.cables.tray,temp,Temperature,C,0,120,100,45.61,45.79,45.78,46.07,46,45.51,45.16,45.29,44.97,44.44,44.61,44.8,44.81,44.42,44.8,44.95,45.26,44.77,45.12,45.23,45.33,45.23,45.6,45.75,45.79,46.03,45.62,45.05,45.24,45.09,44.73,44.56,44.46,43.7,43.61,43.9,43.96,43.7,44.8,44.95,45.71,46.06,46.4,47.22,48.6,48.97,49.25,49.46,50.26,51.43,51.92,52.5,53.75,54.22,54.3,55.21,56.16,56.45,57.23,57.97
PS.cables.tray,vib,Vibration,mm/s,0,12,7.1,2.77,2.569,2.465,2.359,2.184,2.113,1.784,1.856,1.808,1.687,1.624,1.558,1.72,1.866,1.587,1.384,1.273,1.531,1.241,1.284,1.199,1.167,1.234,1.197,1.041,0.8183,0.9857,1.058,1.122,0.907,0.8488,0.8528,0.7922,0.8023,0.7575,0.9674,0.9724,0.874,0.6928,0.662,0.6341,0.5893,0.5117,0.5211,0.6094,0.3158,0.4083,0.3908,0.2809,0.5882,0.4941,0.4107,0.3582,0.04725,0.04184,0,0.02626,0,0.1393,0.1726
PS.cables.tray,load,Load,%,0,100,95,56.83,57.05,58.22,58.01,58.66,59.1,59.19,59.76,59.29,60.04,59.61,59.68,59.32,59.5,59.23,59.1,58.18,57.71,58.01,58.39,58.25,57.78,56.68,56.15,56.46,55.88,57.28,57.32,59.1,59.29,60.06,59.09,58.63,59.73,59.45,59.17,58.74,59.2,59.14,59.94,59.96,59.12,59.45,59.73,59.65,60.1,61.05,61.46,60.96,61.47,62.26,62.23,62.77,63.18,63.66,63.42,63.78,62.01,62.01,62.46
PS.cables.mcc,current,Current,A,0,900,800,412.7,417.4,421.2,425.2,430.5,429.3,428.5,425.8,423.2,422.4,425.4,429.7,428.7,428.9,428.7,429.3,428.9,429.4,430.9,426.8,427.4,423.5,425,427.4,425.2,424.6,426.6,424.6,427.6,425.9,428.8,428.9,428.3,428.4,430,431.1,432.6,433.2,435.8,444.6,449.7,456,458.1,461.1,468,471.3,474,475.3,482.7,486.3,495,497.2,498.4,501.8,508,513.8,516.9,520.6,524.9,529.3
PS.cables.mcc,winding_t,Winding temp,C,20,160,140,86.72,87.13,86.92,87.66,87.21,86.82,86.61,86.33,86.39,86.36,86.32,85.94,84.71,83.79,83.54,83.62,84.65,84.35,84.36,83.71,83.67,84.13,84.05,84.07,84.19,84.32,84.54,85.44,85.14,85.63,85.93,86.05,86,86.27,86.74,86.69,87.17,86.62,87.33,88.34,88.85,88.39,87.9,87.55,87.84,88.45,88.78,89.91,89.89,89.79,88.94,89.44,89.45,89.74,89.95,89.63,90.07,89.36,89.29,89.28
PS.cables.mcc,vib,Vibration,mm/s,0,12,7.1,1.619,1.672,1.637,1.494,1.554,1.484,1.307,1.197,1.337,1.197,1.488,1.483,1.525,1.555,1.543,1.578,1.685,1.866,1.755,1.693,1.754,1.555,1.711,1.945,1.779,1.961,2.018,2.04,2.166,2.109,2.103,1.84,1.979,1.949,2.171,2.098,2.296,2.136,1.986,1.936,1.97,1.867,1.692,1.504,1.54,1.544,1.723,1.706,1.761,1.589,1.738,1.881,1.809,1.528,1.53,1.475,1.548,1.579,1.719,1.737
PS.cables.mcc,load,Load,%,0,100,95,68.84,69.05,68.86,68.53,67.39,67.1,67.57,66.94,67.74,67.77,67.22,67.77,67.19,67.1,67.43,66.51,65.97,65.05,65.24,65,65.39,65.03,65.59,65.16,65.31,64.08,64.91,65.99,65.94,66.33,65.93,66.06,65.84,65.7,65.24,63.95,63.28,62.54,62.81,61.91,61.82,62.82,63.26,63.63,64.07,64.08,63.93,64.43,65.43,64.16,63.26,62.52,62.16,62.14,62.22,61,60.51,59.47,59.99,59.2
PS.cables.lighting,air_p,Instrument air,bar,0,10,6.5,7.562,7.553,7.55,7.525,7.487,7.493,7.495,7.495,7.497,7.478,7.476,7.486,7.499,7.528,7.509,7.484,7.448,7.432,7.425,7.435,7.439,7.429,7.402,7.411,7.406,7.438,7.434,7.397,7.411,7.401,7.39,7.41,7.417,7.409,7.383,7.374,7.38,7.361,7.341,7.329,7.358,7.351,7.334,7.337,7.354,7.356,7.355,7.351,7.368,7.35,7.311,7.287,7.295,7.287,7.293,7.281,7.288,7.276,7.27,7.29
PS.cables.lighting,temp,Ambient temp,C,10,45,40,31.21,31.25,31.21,31.22,31.25,31.26,31.38,31.41,31.38,31.37,31.31,31.2,31.17,31.08,31.07,31.02,31.06,31.12,30.99,31.05,31.06,31.04,31.13,31.2,31.17,31.1,31.06,31.14,31.04,31.14,31.09,31.08,31.15,31.1,31.07,31.02,31.01,31.09,31.05,31.1,31.08,31.14,31.09,31.29,31.27,31.28,31.31,31.34,31.36,31.3,31.4,31.45,31.42,31.38,31.26,31.28,31.34,31.4,31.32,31.2
PS.cables.lighting,alarms,Active alarms,,0,50,20,3.28,3.509,3.618,3.609,3.557,3.571,3.51,3.434,3.576,3.572,3.957,3.798,3.75,3.652,3.714,3.51,3.636,3.946,3.953,3.77,3.603,3.495,3.463,3.622,3.725,3.885,3.853,3.962,3.745,3.522,3.65,3.564,3.742,3.56,3.601,3.593,3.299,3.532,3.509,3.561,3.708,3.697,3.769,3.866,3.962,4.263,4.3,4.174,4.051,4.191,4.083,3.832,3.772,3.811,4.002,4.041,4.161,4.176,4.103,4.189
PS.cables.lighting,comms,Link uptime,%,90,100,98,99.68,99.67,99.68,99.69,99.7,99.7,99.71,99.72,99.72,99.71,99.72,99.72,99.73,99.73,99.72,99.71,99.71,99.71,99.71,99.7,99.71,99.71,99.7,99.7,99.7,99.7,99.7,99.7,99.7,99.71,99.7,99.72,99.71,99.7,99.71,99.71,99.72,99.72,99.73,99.74,99.74,99.75,99.75,99.75,99.73,99.73,99.74,99.73,99.73,99.74,99.75,99.74,99.73,99.75,99.75,99.76,99.76,99.75,99.75,99.75
PS.air,air_p,Instrument air,bar,0,10,6.5,7.661,7.647,7.645,7.642,7.644,7.622,7.638,7.647,7.632,7.654,7.65,7.634,7.672,7.658,7.651,7.686,7.654,7.639,7.626,7.608,7.623,7.621,7.593,7.595,7.573,7.564,7.555,7.579,7.577,7.583,7.578,7.579,7.603,7.587,7.579,7.583,7.545,7.548,7.538,7.53,7.539,7.56,7.588,7.569,7.581,7.548,7.534,7.527,7.496,7.46,7.439,7.447,7.452,7.468,7.469,7.469,7.483,7.496,7.494,7.508
PS.air,temp,Ambient temp,C,10,45,40,31.07,31.15,31.16,31.22,31.25,31.22,31.29,31.27,31.31,31.31,31.36,31.32,31.32,31.33,31.28,31.24,31.34,31.38,31.51,31.55,31.55,31.48,31.45,31.49,31.45,31.56,31.65,31.62,31.59,31.56,31.63,31.58,31.54,31.44,31.41,31.42,31.45,31.41,31.5,31.48,31.43,31.35,31.3,31.34,31.25,31.26,31.19,31.18,31.23,31.15,31.09,31.1,31,31.04,31.03,31.12,31.13,31.16,31.2,31.1
PS.air,alarms,Active alarms,,0,50,20,3.51,3.451,3.268,3.35,3.542,3.436,3.568,3.612,3.551,3.441,3.454,3.444,3.459,3.481,3.632,3.675,3.747,3.79,3.82,3.869,3.797,3.928,3.957,3.919,3.925,4.118,4.125,3.942,4.074,4.014,4.005,3.954,4.322,4.426,4.454,4.408,4.24,4.238,4.402,4.367,4.305,4.233,4.35,4.55,4.511,4.255,4.528,4.339,4.273,4.194,4.024,3.947,4.006,3.931,3.847,3.882,3.876,4.162,4.104,4.286
PS.air,comms,Link uptime,%,90,100,98,99.7,99.7,99.68,99.67,99.68,99.67,99.67,99.66,99.66,99.66,99.65,99.64,99.64,99.64,99.64,99.64,99.63,99.62,99.62,99.63,99.63,99.62,99.62,99.63,99.62,99.63,99.62,99.62,99.62,99.62,99.61,99.62,99.61,99.61,99.62,99.64,99.62,99.63,99.63,99.62,99.62,99.62,99.62,99.62,99.62,99.6,99.62,99.61,99.61,99.61,99.61,99.62,99.62,99.62,99.62,99.62,99.62,99.61,99.61,99.61
PS.air.compressor,suction_p,Suction pressure,bar,0,80,10,40.18,39.54,40.02,40.8,40.54,40.89,40.73,40.33,40.55,41.07,39.43,39.88,40.91,40.67,40.63,40.71,41.17,41.02,40.73,40.46,40.09,39.96,40.66,40.69,40.49,39.67,38.49,37.75,38.55,38.75,39.15,39.48,39.23,39.92,40.26,40.25,40.54,40.98,39.67,39.66,39.48,38.66,38.44,38.74,39.05,38.7,38.53,38.6,38.87,38.8,38.07,38.23,38.14,37.67,37.71,36.93,37.22,37.22,37.01,36.68
PS.air.compressor,disch_p,Discharge pressure,bar,0,120,105,80.48,81.09,81.05,81.45,81.49,80.67,80.2,80,81.51,82.23,81.85,80.67,81.21,81.94,83.02,82.62,83.34,82.38,82.43,83.02,82.4,82.74,82.92,83.69,84.61,85.08,84.79,84.2,84.66,85.59,85.72,86.42,86.7,86.74,86.67,85.77,85.57,85.86,86.15,87.34,87.48,87.36,87.09,86.07,86.04,85.07,84.45,83.74,84.33,83.84,84.81,84.42,83.32,83.56,83.01,83.76,83.35,84.32,84.95,85.71
PS.air.compressor,vib,Vibration,mm/s,0,15,9,2.589,2.834,2.872,2.725,3.039,2.988,3.035,3.136,2.93,3.103,3.059,2.965,2.712,2.905,3.033,2.839,2.983,2.583,2.696,3.103,3.308,3.637,3.482,3.439,3.415,3.553,3.583,3.792,4.126,3.949,3.677,3.941,3.832,3.809,3.47,4.012,3.984,4.069,4.108,4.044,3.982,3.946,3.984,3.847,4.182,4.142,3.964,4.208,4.036,4.273,4.42,4.588,4.73,4.722,4.747,4.577,4.776,5.217,4.991,5.071
PS.air.compressor,disch_t,Discharge temp,C,20,160,140,110.4,111,111.9,110.6,110.6,110,110.1,109.5,108.3,108.9,108.7,110.3,110.6,110.3,111.6,112.1,112.4,112.8,111.6,112.8,112,112.5,112.9,111.8,111.4,112.1,111.1,111.1,111,110.9,111.2,110.3,111.7,112.7,112.8,113,113.2,113.1,112.8,112,111.6,112.2,111.8,110.2,110.2,110.7,109.6,108.4,108.3,109.1,111,110.6,109.9,109.6,110.8,109.2,108.9,109.1,108.4,109.5
PS.air.receiver,air_p,Instrument air,bar,0,10,6.5,7.634,7.659,7.676,7.661,7.655,7.67,7.654,7.669,7.679,7.671,7.678,7.654,7.657,7.647,7.633,7.647,7.675,7.671,7.659,7.643,7.638,7.648,7.656,7.655,7.657,7.644,7.644,7.667,7.672,7.646,7.654,7.648,7.648,7.648,7.672,7.665,7.668,7.679,7.659,7.673,7.659,7.661,7.661,7.651,7.65,7.661,7.676,7.673,7.668,7.652,7.66,7.671,7.657,7.671,7.623,7.636,7.665,7.659,7.672,7.638
PS.air.receiver,temp,Ambient temp,C,10,45,40,31.06,31.09,31.03,31.1,31.03,31,31.12,31.15,31.1,31.06,31.06,31.09,31.03,31.05,31.03,31.08,31.16,31.16,31.12,31.1,31.1,31.06,31.12,31.06,31.09,30.92,30.9,30.96,31,30.97,30.89,30.8,30.78,30.83,30.96,30.99,31.04,30.95,31.09,31.04,31.06,31.07,30.88,30.9,30.82,30.75,30.76,30.69,30.61,30.56,30.56,30.5,30.46,30.44,30.44,30.44,30.42,30.34,30.32,30.3
PS.air.receiver,alarms,Active alarms,,0,50,20,2.464,2.765,2.754,2.775,2.846,2.862,2.83,2.817,2.833,3.019,2.961,3.013,2.847,3.216,3.03,3.186,3.189,3.392,3.336,3.364,3.442,3.595,3.398,3.238,3.367,3.271,3.347,3.316,3.316,3.12,3.16,3.187,3.18,3.195,3.059,3.11,3.13,3.298,3.544,3.336,3.66,3.672,3.96,4.073,3.853,3.951,3.935,4.096,4.281,4.275,4.388,4.365,4.356,4.427,4.459,4.646,4.728,4.813,5.141,5.139
PS.air.receiver,comms,Link uptime,%,90,100,98,99.7,99.69,99.7,99.7,99.69,99.69,99.69,99.7,99.69,99.7,99.69,99.69,99.69,99.69,99.7,99.7,99.7,99.73,99.73,99.72,99.71,99.72,99.72,99.72,99.73,99.73,99.75,99.74,99.74,99.74,99.74,99.74,99.75,99.75,99.75,99.75,99.75,99.74,99.74,99.74,99.74,99.72,99.72,99.73,99.72,99.73,99.72,99.72,99.71,99.72,99.71,99.71,99.71,99.72,99.72,99.71,99.7,99.69,99.69,99.69
PS.air.dryer,air_p,Instrument air,bar,0,10,6.5,7.594,7.601,7.616,7.615,7.596,7.562,7.552,7.555,7.575,7.597,7.597,7.604,7.626,7.636,7.643,7.643,7.648,7.629,7.617,7.615,7.632,7.646,7.624,7.64,7.625,7.602,7.598,7.622,7.617,7.622,7.599,7.589,7.6,7.6,7.577,7.581,7.599,7.624,7.631,7.676,7.691,7.708,7.764,7.796,7.795,7.833,7.861,7.893,7.952,7.98,8.031,8.061,8.109,8.152,8.182,8.231,8.228,8.238,8.264,8.27
PS.air.dryer,temp,Ambient temp,C,10,45,40,31.48,31.34,31.33,31.2,31.23,31.33,31.27,31.16,31.22,31.2,31.22,31.27,31.36,31.3,31.36,31.52,31.46,31.47,31.41,31.42,31.43,31.47,31.48,31.59,31.57,31.61,31.62,31.7,31.84,31.8,31.75,31.73,31.85,31.86,31.95,32.01,32.01,32.02,32.05,32.06,32.04,32.08,32.08,32.03,32.03,32,31.99,31.99,31.99,31.88,31.82,31.93,31.98,31.91,31.89,31.89,31.91,31.93,31.92,31.9
PS.air.dryer,alarms,Active alarms,,0,50,20,3.411,3.378,3.487,3.272,3.238,3.144,3.011,2.865,2.766,2.799,3.007,3.104,3.148,3.042,3.302,3.299,3.332,3.418,3.277,3.192,3.272,3.046,3.164,3.065,2.883,2.88,2.661,2.47,2.462,2.74,2.732,2.67,2.575,2.626,2.72,2.737,2.719,2.715,2.824,2.92,2.853,2.915,2.816,2.894,3.062,3.126,2.871,2.558,2.448,2.406,2.389,2.45,2.675,2.446,2.459,2.665,2.453,2.421,2.641,2.533
PS.air.dryer,comms,Link uptime,%,90,100,98,99.69,99.67,99.65,99.65,99.65,99.64,99.65,99.66,99.66,99.66,99.66,99.66,99.66,99.67,99.66,99.66,99.65,99.65,99.64,99.65,99.63,99.64,99.63,99.63,99.62,99.62,99.61,99.61,99.6,99.59,99.6,99.6,99.59,99.58,99.58,99.58,99.59,99.59,99.58,99.59,99.59,99.6,99.59,99.59,99.58,99.59,99.59,99.58,99.59,99.59,99.58,99.59,99.6,99.6,99.6,99.59,99.59,99.59,99.59,99.6
DS.pipe,flow,Flow,m3/h,0,800,720,325.9,329.7,332,333.3,336.2,336.3,334.8,334.9,335.5,334.8,334.6,336,336.2,336.1,337.1,337.2,338.9,340.2,338.9,343.6,343.8,340,340.2,341.1,341.5,341.6,342.2,341.7,340.9,340.2,340.5,339.6,336.2,335.8,336,333.8,334.1,335.2,338.4,338.2,336.4,335.1,337.1,341.4,344.8,345.2,343.7,345.9,343.9,343.6,341.6,342.8,342.6,343.7,345,343.6,345.7,343.6,344.6,340.4
DS.pipe,press,Pressure,bar,0,120,100,63.9,63.73,63.76,63.34,62.76,62.67,62.89,62.42,61.9,61.66,61.72,62.01,61.4,61.12,60.84,60.84,60.73,60.62,61.5,61.35,60.78,61.19,61.46,61.19,60.8,60.71,60.86,60.63,61.45,61.26,61.19,61.01,61.2,61.49,61.72,61.9,61.24,61.28,61.4,61,61.13,61.33,61.14,61.59,61.45,60.93,61.15,61.17,60.94,61.03,61.04,60.9,61.03,61.13,61.35,61.23,61.4,60.95,61.27,62.02
DS.pipe,temp,Temperature,C,-170,150,,36.7,36.35,36.34,36.49,36.55,36.64,36.27,36.29,36.6,37.2,37.15,37.38,37.29,37.4,37,37.27,37.69,37.81,37.77,37.69,37.57,37.84,37.58,37.31,38.07,37.94,37.8,37.93,37.9,38.13,37.96,37.41,37.01,37.05,37.19,37.17,37.63,37.5,38.01,37.68,37.69,37.36,37.69,37.98,38,37.91,38.24,38.54,38.44,38.75,38.72,38.68,38.61,39.46,39.09,39.12,39.32,39.15,39.3,38.95
DS.pipe,wall,Wall loss,%,0,30,20,6.394,6.388,6.375,6.379,6.383,6.381,6.386,6.395,6.413,6.407,6.397,6.398,6.402,6.402,6.407,6.4,6.405,6.406,6.41,6.397,6.401,6.411,6.425,6.431,6.428,6.435,6.421,6.424,6.425,6.416,6.412,6.418,6.42,6.422,6.429,6.434,6.442,6.446,6.449,6.449,6.466,6.47,6.464,6.467,6.464,6.469,6.472,6.474,6.482,6.487,6.488,6.492,6.485,6.482,6.491,6.484,6.479,6.487,6.474,6.476
DS.pipe.string,flow,Flow,m3/h,0,800,720,311.3,315.7,316.6,316.4,316.4,318.5,318.1,318.3,316.7,319.4,317.3,318.3,317,315.8,315.7,319.3,319.7,321.8,325.3,326.1,331.4,329.9,332.6,334.2,333.1,333.4,333.5,333.6,335.4,334.4,332.2,335,336.7,335.1,335.7,333,333.4,330.1,332.1,331,326.5,323.6,323,320.1,319.9,323.2,322.5,325.1,320.5,318.6,318.1,320.2,319.4,314.1,312.1,312.4,309.9,311.3,309.6,308.7
DS.pipe.string,press,Pressure,bar,0,120,100,63.44,63.28,63.74,63.65,63.78,63.36,63.72,63.26,63.02,62.48,62.66,62.5,62.29,62.5,62.33,62.24,61.91,61.53,61.74,61.94,62.14,62.4,62.12,61.29,61.28,61.24,61.8,61.95,61.84,61.43,61.65,60.66,60.74,60.78,60.8,61.78,61.44,61.74,61.77,62.3,62.29,61.74,61.23,61.63,61.59,62.01,62.05,62.15,62.27,62.06,62.35,62.54,62.79,63.58,63.84,63.99,64.44,64.74,64.96,64.66
DS.pipe.string,temp,Temperature,C,-170,150,,37.41,37.66,38.03,38.05,37.53,37.79,37.95,37.74,37.9,37.62,37.27,37.07,37.48,37.29,37.14,36.81,36.46,36.81,36.77,37.05,37.26,37.52,37.48,37.39,37.38,37.25,37.3,37.42,37.67,37.34,37.56,37.52,37.69,37.7,38.1,39.07,38.4,38.56,38.92,38.56,38.45,38.45,38.74,39.05,39.23,39.33,39.22,39.35,39.58,40.01,40.47,40.12,40.31,40.32,40.41,40.98,41.39,41.52,41.76,41.67
DS.pipe.string,wall,Wall loss,%,0,30,20,6.43,6.435,6.442,6.452,6.455,6.45,6.462,6.469,6.472,6.469,6.473,6.477,6.475,6.478,6.479,6.481,6.484,6.48,6.476,6.466,6.466,6.475,6.478,6.491,6.489,6.492,6.483,6.478,6.482,6.492,6.5,6.5,6.51,6.512,6.518,6.525,6.525,6.534,6.543,6.53,6.535,6.539,6.523,6.533,6.536,6.543,6.536,6.533,6.531,6.527,6.528,6.53,6.53,6.531,6.534,6.526,6.526,6.533,6.545,6.555
DS.pipe.setback,temp,Temperature,C,0,120,100,45.7,46.05,45.85,45.9,45.48,45.72,45.15,44.86,45.17,45.38,45.42,45.72,46.15,46.46,46.48,46.47,46.06,46.07,46.5,46.42,46.55,46.44,47.18,46.66,46.89,46.94,46.91,46.41,46.02,45.98,46.25,46.42,46.76,46.37,46.25,46.6,46.5,46.31,46.52,47.09,47.91,48.53,49.43,50.4,51.22,51.16,52.18,52.69,52.84,53.91,54.23,54.53,54.69,54.74,56.17,56.43,57.41,57.68,58.33,58.82
DS.pipe.setback,vib,Vibration,mm/s,0,12,7.1,3.086,2.883,2.881,2.78,2.988,3.004,2.911,2.844,2.836,2.782,2.699,2.628,2.9,2.756,2.49,2.706,2.666,2.642,2.778,2.961,2.879,2.669,2.59,2.459,2.273,2.168,2.19,2.169,2.127,2.112,1.84,1.953,1.948,1.908,1.711,1.502,1.435,1.521,1.38,1.531,1.533,1.373,1.557,1.562,1.717,1.724,1.521,1.262,1.294,1.264,1.257,1.362,1.431,1.547,1.644,1.509,1.763,1.674,1.71,1.836
DS.pipe.setback,load,Load,%,0,100,95,61.7,61.4,61.49,62.03,61.98,61.91,62.42,63.24,64.58,65.48,65.06,67.01,68.68,68.51,68.4,68.54,67.1,67.1,66.67,65.42,65.17,64.63,64.15,64.54,63.53,63.1,63.57,61.94,62.12,62.56,61.4,63.16,62.27,61.33,61.47,62.34,62.19,61.36,61.99,61.67,61.23,61.44,60.68,60.51,60.58,60.53,60.07,59.61,60.33,61.63,61.82,62.13,62.31,62.45,62.6,62.96,63.47,62.9,62.93,63.88
DS.pipe.saver,temp,Temperature,C,0,120,100,45.25,45.5,44.8,44.43,44.65,44.82,45.06,45.45,45.61,45.5,46.15,46.48,46.85,47.4,47.25,46.8,46.81,47.04,46.65,46.87,46.44,46.06,45.94,45.98,46.38,46.07,45.71,45.34,46.03,45.71,45.69,45.41,46.24,46.32,45.62,45.08,45.37,44.81,44.82,44.99,44.7,44.46,44.76,44.25,44.77,44.82,44.47,44.31,43.76,44.23,44.22,44.33,44.69,44.45,44.86,45.13,44.58,44.31,44.56,45.05
DS.pipe.saver,vib,Vibration,mm/s,0,12,7.1,1.783,1.663,1.595,1.632,1.722,1.693,1.928,2.005,1.936,1.883,1.833,1.878,1.872,1.944,1.932,1.796,1.877,1.955,1.912,1.694,1.621,1.868,1.754,1.413,1.339,1.202,1.172,1.25,1.3,1.258,1.313,1.613,1.73,1.585,1.552,1.495,1.389,1.451,1.459,1.647,1.309,1.117,1.064,1.211,0.9634,1.061,1.249,1.258,1.375,1.477,1.387,1.653,1.607,1.545,1.572,1.435,1.354,1.227,1.267,0.9031
DS.pipe.saver,load,Load,%,0,100,95,60.01,59.92,59.77,59.62,58.96,59.26,59.79,59.63,60.52,58.85,59.83,60.16,60.9,61.31,60.62,60.47,61.08,61.84,62.24,61.89,61.65,62.48,62.55,62.2,62.63,63.5,63.57,64.95,66.12,66.23,67.15,66.36,65.31,65.42,66.01,66.56,66.8,66.29,66.69,66.6,66.45,65.92,65.12,64.14,62.73,62.59,63.21,62.41,63.21,63.33,62.5,62.28,62.94,62.16,62.76,62.62,63.25,63.64,63.28,63.47
DS.hwdp,flow,Flow,m3/h,0,800,720,304.4,303,304.2,305.1,307.2,309.6,310.9,310.7,309.8,316.4,319.4,321.5,320.1,319.3,318.3,318.2,316.9,314.8,317,314.9,312.1,309.2,309.5,309.1,308.8,311.2,309.3,312.7,312.7,313.7,314.2,313.1,315.4,316.8,317.6,319,318.2,315,315.5,311.4,310.8,309.5,313,313,313.3,311,312.1,314.5,318,318.6,319,317,319.3,319.4,319.5,321.7,322.5,327,325.9,326.7
DS.hwdp,press,Pressure,bar,0,120,100,65.66,65.75,66.13,65.35,66.13,66.2,66.31,66.21,65.97,65.8,65.32,65.45,65.22,65.1,64.88,64.96,65.06,65.15,65.51,65.24,64.99,65.07,64.69,64.81,64.92,64.83,64.08,64.3,64.01,63.88,63.82,63.83,63.6,63.93,63.54,63.53,62.82,63.08,62.76,62.14,62.41,62.42,62.93,63.35,63.54,63.11,63.27,63.35,62.79,62.42,62.19,62.4,62.51,62,61.89,62.32,62.22,62.21,62.66,62.7
DS.hwdp,temp,Temperature,C,-170,150,,35.92,36.05,36.22,36.35,36.57,36.82,37.45,37.61,37.57,37.7,37.81,37.77,38.14,38.08,37.88,38.27,38.37,38.47,38.82,38.96,38.67,39.16,39.43,39.24,39.53,40.17,40.5,40.52,40.47,40.32,40.5,40.58,40.3,39.85,40.36,39.94,39.26,38.83,38.8,38.86,38.56,38.6,38.04,38.19,38.17,37.91,37.78,38.07,37.84,37.72,37.29,37.27,37.5,37.6,37.74,37.86,38.19,38.2,38.48,38.02
DS.hwdp,wall,Wall loss,%,0,30,20,6.354,6.363,6.366,6.366,6.375,6.37,6.374,6.38,6.373,6.381,6.382,6.378,6.387,6.39,6.378,6.38,6.378,6.374,6.363,6.352,6.348,6.35,6.354,6.352,6.345,6.345,6.341,6.356,6.35,6.363,6.361,6.363,6.367,6.374,6.379,6.386,6.385,6.39,6.388,6.391,6.386,6.386,6.393,6.395,6.398,6.401,6.412,6.417,6.413,6.42,6.425,6.442,6.437,6.435,6.435,6.434,6.423,6.426,6.428,6.434
DS.hwdp.joints,temp,Temperature,C,0,120,100,45.36,45.38,45.05,45.23,45.11,45.18,45.45,45.45,45.82,45.78,45.31,45.14,44.95,45.31,45.57,44.89,43.99,43.79,43.75,43.54,43.41,42.94,42.83,42.36,42.45,42.32,42.32,42.47,42.78,42.46,42.64,42.43,42.18,41.98,41.98,42.34,42.29,42.34,42,42.45,42.47,42.52,42.26,41.72,42.04,42.16,41.69,41.17,41.2,41.57,41.56,41.08,41.23,41.46,41.37,41.33,41.24,41.02,40.01,40.36
DS.hwdp.joints,vib,Vibration,mm/s,0,12,7.1,1.656,1.733,1.803,1.837,1.895,2.084,2.125,2.059,1.739,1.698,1.513,1.603,1.703,1.79,1.613,1.819,1.661,1.619,1.638,1.674,1.443,1.542,1.569,1.497,1.413,1.679,1.857,1.77,1.507,1.724,1.881,1.827,1.658,1.836,1.753,1.6,1.737,1.856,1.944,1.88,1.841,1.83,2.13,2.129,2.098,1.803,1.871,2.192,2.136,2.097,2.372,2.437,2.511,2.497,2.21,2.292,2.358,2.127,2.161,2.246
DS.hwdp.joints,load,Load,%,0,100,95,57.2,57.63,57.79,57.5,57.8,58.43,59.08,58.66,59.32,60.67,60.92,60.03,60.04,60.55,61.12,61.76,61.14,60.88,61.4,61.49,61.27,60.98,61.08,61.22,60.25,59.74,59.29,59.41,59.73,59.7,60.02,59.63,58.93,59.27,60.84,61.39,61.23,60.01,58.93,58.01,57.48,56.85,55.26,52.91,52.22,52.29,52.42,52.32,52.65,53.34,53.6,53.33,53.96,54.58,53.66,54.77,54.21,55.26,53.66,53.7
DS.bha,temp,Temperature,C,0,120,100,46.97,47.06,46.76,46.42,46.32,46.48,46.19,46.08,45.91,45.8,45.62,45.63,45.91,46.02,45.68,45.22,45.09,45.41,45.88,45.86,45.81,45.4,45.24,44.82,44.53,44.03,43.79,44.21,44.26,44.38,43.88,44.1,44.06,44.13,43.67,43.61,44.08,44.06,43.84,43.32,42.85,42.86,43.02,43,43.33,43.43,43.79,43.96,44.06,44.34,44.68,45.18,45.37,44.94,45.47,45.92,45.81,45.05,45.52,45.49
DS.bha,vib,Vibration,mm/s,0,12,7.1,1.729,1.708,1.81,1.992,1.695,1.71,1.843,1.933,2.009,2.002,2.192,2.165,2.279,2.047,2.228,2.11,2.094,2.211,2.205,2.086,2.178,2.396,2.463,2.285,2.406,2.38,2.732,2.584,2.819,2.946,2.836,2.839,3.054,3.081,3.142,3.041,2.956,2.816,2.884,2.803,2.942,3.045,3.029,3.143,3.037,3.14,3.094,2.929,2.894,2.983,2.787,2.82,2.942,2.937,2.868,2.844,2.998,3.127,3.298,3.254
DS.bha,load,Load,%,0,100,95,53.72,54.46,54.74,54.42,54.12,53.81,53.22,53.55,53.93,54.78,54.52,54.57,53.93,54.59,55.29,55.65,55.5,55.82,56.13,56.45,56.75,56.8,56.97,56.5,56.47,56.6,56.22,55.46,56.09,56.13,56.69,56.2,57.2,58.52,58.79,57.86,58.31,59.29,60.24,61.71,61.89,61.7,62.8,63.09,63.33,63.48,63.29,63.74,62.85,62.7,62.15,62.11,62,62.6,62.13,62.46,62.27,62.02,63.12,63.07
DS.bha.collars,temp,Temperature,C,0,120,100,47.04,47.57,47.33,47.52,47.34,47.03,46.45,46.2,46.34,45.88,45.75,46.03,46.06,46.43,46.69,46.51,46.19,46.12,46.37,46.29,46.31,46.38,46.79,46.72,46.6,46.19,46.19,45.96,46.37,46.32,45.95,45.92,45.68,45.81,46.26,46.05,46.23,46.07,46.39,46.8,46.73,46.71,46.61,46.46,46.98,47.09,46.84,47.97,47.92,47.78,48.06,47.98,48.36,48,47.95,48.21,48.51,48.02,48.05,48.35
DS.bha.collars,vib,Vibration,mm/s,0,12,7.1,2.367,2.466,2.405,2.288,2.124,1.884,1.87,1.793,2.002,1.948,1.874,1.846,1.918,1.858,1.714,1.579,1.357,1.331,1.382,1.547,1.797,1.528,1.491,1.518,1.516,1.562,1.596,1.59,1.686,1.362,1.345,1.104,1.172,1.218,1.431,1.373,1.294,1.154,1.016,1.148,1.037,1.102,1.058,1.168,1.046,1.152,1.094,1.194,1.128,1.14,1.144,1.196,1.062,1.001,0.8929,0.917,0.9562,0.7519,0.5366,0.427
DS.bha.collars,load,Load,%,0,100,95,55.64,56.63,56.02,56,56.55,55.35,55.23,55.37,54.71,53.7,53.7,53.65,53.31,53.66,54.03,54.57,54,53.18,53.58,54.3,54.18,54.97,53.5,52.82,52.54,52.22,51.53,51.4,52.15,52.82,53.66,53.42,53.51,53.71,53.97,54.24,55.39,54.75,53.12,53.49,53.02,52.95,53.33,54.02,53.81,54.27,53.67,53.16,53.54,52.32,52.98,53.16,53.35,54.1,53.41,54.46,55.52,56.67,57.35,56.64
DS.bha.stab,top_p,Top pressure,bar,0,50,45,26.38,26.57,26.48,26.41,26.53,26.61,26.76,26.95,27.07,27.17,27.44,27.42,27.43,27.38,27.69,27.67,27.63,27.45,27.43,27.48,27.9,27.95,27.96,28.2,28.14,28.25,28.15,28.29,28.36,28.26,28.1,28.26,28.34,28.3,28.23,28.58,28.36,28.48,28.49,28.61,28.69,28.67,28.63,28.3,28.37,27.99,28.16,27.97,28.28,27.94,28.26,28.45,28.54,28.63,28.43,28.39,28.09,28.11,27.88,27.87
DS.bha.stab,btm_t,Bottom temp,C,0,420,400,319.7,321.1,319.9,320.6,321.8,321,320.6,320,318.9,318.3,317.9,317.2,318.2,318.6,320.1,320.1,321.2,321.4,321.8,322,322.2,322.3,321.5,322.6,321.9,322.2,322.7,323.3,321.9,320.2,321.1,321.1,322.7,322.2,323.8,325.6,326.3,327.2,327.5,329.1,329.1,329,329.4,328.8,330.2,333.1,334.4,334.3,335.4,337.6,337.5,338.5,338.7,339.2,340.7,340.5,341.1,340.8,339.6,340
DS.bha.stab,dp,Differential pressure,kPa,0,80,60,35.13,35.45,36.1,36.07,36.24,35.88,36.12,36.09,36.44,36.5,35.41,35.36,35.23,36.02,36.76,37.3,37.38,38.07,37.97,38.22,38.3,38.13,38.24,37.46,37.61,37.63,38.16,37.46,37.52,37.42,37.2,37.07,37.83,38.66,38.82,38.42,38.84,39.22,39.99,40.94,40.87,40.29,41.13,40.65,40.2,39.73,39.81,40.34,40.11,39.32,39.58,39.92,39.95,40.11,40.08,40.18,39.76,39.61,39.6,39.56
DS.bha.stab,reflux,Reflux flow,m3/h,0,300,,139.8,139.9,139.8,140,138.3,139.5,141.3,142.7,141.4,142.2,141.8,141.5,142.3,141,138.8,137.3,137.6,138.6,136.9,136.6,137.4,135.1,134.7,132.6,131.1,130.4,128.8,129,128.2,127.4,128.5,128.5,126.6,126,123.4,124.1,122.2,123.7,124.9,124.3,126.5,127.4,126.4,125.6,126.5,127.2,130,128.6,130.4,127.7,126.2,124.1,125.1,125.8,124.9,125.5,125.7,125.4,125.7,126
DS.bha.motor,current,Current,A,0,900,800,423.8,420.3,416.7,420,418.2,419.8,420.2,421.4,418.7,415.8,419.1,415.6,415.2,416,417.3,417.1,420.8,425.2,429.9,431.5,434.3,431.7,434.2,433.2,429.9,426.5,423,426.4,427.6,425.4,423.1,421.3,422.1,421.8,417.3,419.4,418.9,419.8,423.4,418,412.2,415.3,415.9,415.2,415.5,411.4,410,408.6,411,409,413.1,414.4,415.2,413.3,410,411.2,413.3,409.2,406.9,401.8
DS.bha.motor,winding_t,Winding temp,C,20,160,140,91.16,91.62,92.16,91.69,91.22,91.14,91.56,91.56,91.37,90.86,91.36,91.13,90.98,91.59,91.41,91.91,91.86,91.48,91.06,92.1,92.03,92.65,92,92.46,93.18,93.03,92.89,92.18,92,91.86,92.05,92.62,93.28,93.63,93.71,94.03,93.72,93.64,94.17,95.11,95.04,96.11,96.87,96.87,97.05,96.34,95.76,96.08,95.08,94.93,94.12,93.67,93.8,94.15,94.8,94.31,94.1,94.23,94.39,93.58
DS.bha.motor,vib,Vibration,mm/s,0,12,7.1,1.813,1.786,1.596,1.492,1.709,1.764,1.667,1.64,1.707,1.406,1.547,1.616,1.443,1.632,1.392,1.247,1.088,1.344,1.6,1.622,1.547,1.385,1.451,1.538,1.474,1.192,1.525,1.426,1.534,1.736,1.778,1.852,2.09,2.016,1.893,2.013,1.963,2.083,2.108,2.325,2.45,2.282,2.557,2.717,2.68,2.848,2.581,2.771,2.841,2.707,2.408,2.444,2.44,2.352,2.299,2.376,2.394,2.724,2.594,2.647
DS.bha.motor,load,Load,%,0,100,95,67.66,67.23,66.62,65.92,65.71,66.2,66.18,66.75,67.27,66.3,65.74,66.8,68,68.21,68.67,69.39,68.31,68.12,68.35,69.12,68.21,68.59,69.07,69.17,68.77,68.43,68.58,68.26,68.78,68.54,68.6,69.43,69.55,69.23,69.01,70.41,71.39,71.83,71.87,71.1,70.47,70.45,69.86,68.57,69.18,68.77,69.34,68.9,68.19,68.1,67.96,67.76,67.28,67.91,68.34,69.16,68.53,68.14,66.35,65.97
DS.bha.mwd,temp,Temperature,C,0,120,100,45.92,46.04,45.95,46.4,46.87,47.5,46.89,46.86,47.13,47.25,46.83,46.95,47.52,47.9,47.56,47.82,48,48.1,48.12,48.25,48.42,48.42,48.17,48.02,48.01,47.92,47.82,47.95,47.83,48.08,48.63,48.49,48.6,48.36,48.34,48.42,47.9,47.74,47.81,48.09,47.97,48.26,48.51,48.98,48.86,48.36,48.57,48.93,49.29,48.97,49.2,49.61,50.1,50.79,50.82,51.29,50.81,50.98,50.15,50.4
DS.bha.mwd,vib,Vibration,mm/s,0,12,7.1,2.85,2.865,2.921,2.746,2.769,2.841,2.799,2.646,2.857,2.575,2.53,2.479,2.513,2.587,2.31,2.29,2.384,2.248,2.268,2.264,2.33,2.291,2.343,2.528,2.426,2.432,2.507,2.398,2.386,2.518,2.636,2.654,2.74,2.741,2.56,2.543,2.426,2.522,2.554,2.556,2.537,2.544,2.441,2.26,2.219,2.231,2.192,2.203,2.173,2.002,1.766,1.755,1.587,1.702,1.639,1.68,1.686,1.443,1.401,1.412
DS.bha.mwd,load,Load,%,0,100,95,58.98,59.26,59.87,60.27,60.78,61.19,62.52,60.92,61.25,60.88,60,60.53,62.11,62.81,63.84,64.2,65.73,66.03,66.94,67.37,67.62,68.86,69.97,69.58,70.92,71.16,71.17,71.77,71.57,71.2,71.54,71.78,71.99,71.23,70.6,70.71,71.3,71.39,70.93,70.81,71.17,70.84,71.02,71.28,71.88,71.62,72.45,72.19,71.61,70.71,70.83,70.51,70.61,71.38,69.76,70.24,70.32,70.6,71.5,69.58
DS.bha.jar,temp,Temperature,C,0,120,100,47.86,48.25,47.92,47.87,47.79,47.4,47.7,47.54,47.27,47.37,47.45,46.98,47.1,46.9,46.83,46.82,46.47,46.53,46.32,46.59,46.51,46.77,46.21,46.1,46.01,45.84,45.53,45.27,45.25,45.27,45.18,45.21,45.23,45.52,45.51,45.5,45.06,45.26,45.37,45.87,46.47,47.45,48.11,48.51,48.28,49.25,50.38,51.34,51.49,51.86,52.25,53.08,54.29,55.27,56.09,57.09,57.81,58.46,59.32,59.81
DS.bha.jar,vib,Vibration,mm/s,0,12,7.1,1.791,1.88,1.608,1.385,1.389,1.284,1.419,1.528,1.712,1.835,1.941,1.84,1.856,1.782,1.802,1.761,2.06,2.075,2.323,2.247,2.165,2.028,2.136,2.47,2.394,2.653,2.551,2.397,2.529,2.451,2.334,2.377,2.445,2.475,2.135,2.021,2.008,2.016,1.885,1.884,1.812,1.982,2.015,1.958,1.799,1.794,1.571,1.445,1.314,1.306,1.298,1.158,1.084,0.9311,0.7755,0.9394,0.997,1.047,0.9908,0.926
DS.bha.jar,load,Load,%,0,100,95,59.03,59.4,58.99,58.95,58.68,57.94,57.51,57.54,57.13,57.48,57.18,56.81,57.24,57.06,57.23,56.15,55.02,55.48,56.07,57.72,58.19,58.05,59.27,59.12,59.94,59.85,58.31,57.06,57.15,58.5,57.75,57.07,57.37,56.66,55.74,55.22,55.5,54.87,55.52,55.38,56.27,55.82,55.19,54.18,53.5,53.69,54.56,54.01,52.96,53.36,52.3,53.46,53.32,53.51,54.87,54.11,53.91,53.89,53.79,53.95
DS.bit,temp,Temperature,C,0,120,100,46.44,46.26,46.48,46.49,46.85,47.62,47.17,46.44,46.22,46.56,46.26,46.79,46.92,46.97,47.04,47.29,47.12,47.59,47.37,47.36,47.4,47.96,48.68,48.86,48.88,48.87,48.62,49.55,50.09,50.03,49.74,49.86,50.21,50.01,50.28,50.41,50.26,50.9,50.65,50.24,50.55,50.12,50.27,49.69,49.66,49.67,49.72,50.24,50.02,49.77,49.62,48.76,49.18,49.34,49.45,49.48,49.61,49.64,49.27,48.52
DS.bit,vib,Vibration,mm/s,0,12,7.1,1.817,1.859,1.86,1.654,1.608,1.668,1.768,1.909,1.83,2.025,2.112,2.315,2.127,2.255,2.26,2.314,2.417,2.358,2.192,2.162,2.052,1.957,1.988,1.771,1.833,1.609,1.711,1.356,1.2,1.191,1.141,1.147,1.307,1.236,1.31,1.339,1.447,1.382,1.453,1.279,1.252,1.319,1.281,1.354,1.223,1.529,1.514,1.504,1.603,1.513,1.493,1.717,1.589,1.69,1.407,1.376,1.359,1.542,1.698,1.542
DS.bit,load,Load,%,0,100,95,60.94,62.58,63.12,63.69,64.07,64.5,65.42,65.25,66.81,67.44,67.27,68.49,68.47,67.74,67.12,67.29,67.68,68.76,68.99,68.47,68.11,67.81,67.32,67.34,67.46,67.16,67.08,67.29,68.15,68.47,70.21,70.54,69.5,69.88,70.01,69.79,69.6,69.93,70.59,70.87,70.27,70.15,70.99,71.25,70.73,71.16,70.93,71.88,70.34,69.8,70.4,70.42,70.16,70.14,70.57,70.3,68.08,67.35,66.74,67.52
DS.bit.body,temp,Temperature,C,0,120,100,45.04,44.66,44.88,44.51,45.04,44.79,45.31,45.69,45.7,45.58,45.53,45.7,45.53,45.88,46,45.58,45.69,45.67,45.8,46.34,45.91,45.94,45.82,44.97,45.04,45.13,44.85,44.81,45.21,45.61,45.68,45.52,45.58,45.7,45.74,46.3,46.45,46.95,46.85,46.57,46.66,46.24,45.78,45.87,45.4,45.59,45.36,45.01,44.87,45.15,44.91,44.72,44.23,44.28,44.54,44.73,44.66,44.3,43.55,43.99
DS.bit.body,vib,Vibration,mm/s,0,12,7.1,1.255,1.292,1.347,1.388,1.227,1.077,0.8402,0.7607,0.9989,0.9015,0.9866,0.8048,0.6953,0.6716,0.3536,0.4609,0.462,0.506,0.3426,0.3421,0.3631,0.4129,0.4882,0.5267,0.6228,0.7844,0.8395,1.088,1.17,1.084,1.163,0.978,0.9136,1.029,0.8112,0.895,0.6903,0.669,0.6151,0.6203,0.539,0.6632,0.7411,0.7621,0.6647,0.6761,0.7952,0.7451,0.8318,0.727,0.6531,0.4467,0.4582,0.565,0.6615,0.6855,0.6384,0.535,0.4765,0.4514
DS.bit.body,load,Load,%,0,100,95,59.21,59.22,58.99,59.71,60.88,60.8,61.65,62.95,63.48,63.72,65.06,64.94,63.71,63.68,62.9,62.52,63.01,63.39,62.99,63.95,63.92,63.47,63.68,64.08,63.34,63.49,62.72,62.87,62.51,61.35,61.57,62.21,61.57,61.57,61.88,61.67,61.06,61.22,61.97,61.52,60.43,60.96,60.7,59.87,59.56,60.57,58.98,58.54,58.3,59.02,58.74,56.8,56.65,56.96,57.2,56.94,56.08,57.53,56.58,56.94
DS.bit.cutters,temp,Temperature,C,0,120,100,45.33,45.38,45.87,45.98,46.29,46.58,46.5,46.13,45.87,45.71,46.06,45.96,46.28,46.18,46.1,46,45.32,45.14,44.42,44.62,44.3,43.88,44,44.03,43.73,44.48,44.47,44.41,44.29,44.02,43.33,43.21,43.4,43.32,43.17,43.4,43.04,43.51,43.47,44.27,44.27,44.19,44.17,43.75,43.68,44.23,44.24,43.6,43.85,43.54,43.29,43.49,42.59,42.7,42.46,42.24,42.32,41.78,42.08,42.22
DS.bit.cutters,vib,Vibration,mm/s,0,12,7.1,2.539,2.464,2.647,2.625,2.593,2.582,2.568,2.441,2.48,2.705,2.588,2.483,2.356,2.496,2.514,2.278,2.52,2.545,2.638,2.511,2.82,2.992,3.1,2.982,3.016,2.88,2.945,2.89,2.86,2.743,2.989,3.177,3.065,3.152,3.372,3.653,3.474,3.559,3.677,3.863,3.744,3.5,3.632,3.774,3.669,3.383,3.257,3.359,3.189,3.296,3.321,3.372,3.342,3.493,3.61,3.694,3.82,3.771,3.974,3.989
DS.bit.cutters,load,Load,%,0,100,95,56.92,57.84,58.75,58.87,58.97,59.45,59,58.55,58.68,59.05,58.88,58.74,58.81,58.98,57.97,58.14,58.34,57.41,58.26,58.58,59.05,58.78,58.17,59.06,59.03,59.09,57.39,57.07,57.15,57.15,57.18,56.59,56.79,58.15,58.87,57.59,58.01,57.19,57.77,57.55,56.18,56.91,57.22,57.55,57.95,58.47,59.7,59.8,59.65,59.83,59.38,60.75,61.8,62.32,61.92,62.45,62.7,63.84,63.24,62.97
DS.bit.nozzles,temp,Temperature,C,0,120,100,46.11,46.49,46.63,46.24,46.62,46.86,46.56,46.38,46.78,46.79,46.74,47.06,46.71,46.54,46.15,45.82,45.52,46.09,46.48,46.49,46.22,46.22,46.38,46.19,45.57,45.65,46.06,46.63,47.12,47.23,46.94,47.12,46.63,46.38,47.06,46.88,46.55,46.6,46.61,46.33,46.17,46.03,45.8,45.51,45.29,45.01,44.74,44.79,45.51,45.2,45.2,45.63,45.3,45.8,45.4,45,44.77,44.73,44.82,44.68
DS.bit.nozzles,vib,Vibration,mm/s,0,12,7.1,2.149,2.069,2.11,2.27,2.421,2.487,2.57,2.374,2.446,2.492,2.455,2.207,2.245,2.295,2.46,2.472,2.341,2.251,2.104,1.832,1.808,1.663,1.708,1.763,1.719,1.933,1.762,1.568,1.588,1.54,1.551,1.753,1.829,2.023,1.662,1.728,1.863,1.902,1.879,1.964,1.955,2.194,2.168,2.159,2.077,1.901,1.903,1.876,1.882,1.863,1.823,1.991,1.929,2.256,1.987,2.048,2.119,1.957,1.825,1.675
DS.bit.nozzles,load,Load,%,0,100,95,56.64,56.07,56.54,57.78,57.23,54.94,55.46,57.15,57.78,57.44,57.62,57.39,57.53,57.89,58.19,58.43,57.11,57.08,56.22,55.67,54.8,55.12,55.24,54.36,55.43,55.11,54.18,54.94,55.41,56.27,55.99,56.05,55,54.73,55.19,54.94,54.5,55.28,56.19,57.21,57.85,57.57,57.23,56.78,57.22,57.33,57.24,57.56,57.45,57.8,58.43,59.82,59.71,59.79,58.4,58.28,57.37,57.34,57.05,55.99
SS.sub,temp,Temperature,C,0,120,100,45.61,45.57,45.34,45.68,45.54,45.42,45.89,46.01,45.68,45,45.62,45.19,45.44,45.36,44.91,44.44,44.09,44.28,44.29,44.7,44.54,44.99,45.06,44.84,45.28,45.07,44.96,45.05,44.88,44.4,44,44.77,45.19,45.11,45.65,45.94,46.47,46.81,47.03,47.05,47.51,47.52,46.91,46.71,47.27,46.32,46.35,46.43,46.08,46.13,46.21,45.73,45.54,44.88,45.19,45.04,45.07,45.37,45.56,45.11
SS.sub,vib,Vibration,mm/s,0,12,7.1,1.692,1.783,1.73,1.711,1.898,1.901,2.057,1.96,2.022,2.368,2.258,2.379,2.494,2.553,2.497,2.381,2.261,2.148,2.149,2.057,2.189,2.019,1.891,1.539,1.441,1.517,1.284,1.321,1.254,1.48,1.493,1.656,1.585,1.723,1.546,1.651,1.447,1.64,1.847,1.839,1.815,1.744,1.636,1.682,1.571,1.659,1.691,1.659,1.675,1.479,1.192,1.141,1.142,1.05,1.222,1.262,1.321,1.302,1.296,1.231
SS.sub,load,Load,%,0,100,95,57.79,58.81,57.86,57.97,58.72,58.25,57.85,57.81,56.35,56.74,56.42,55.62,54.63,54.88,55.52,55.83,56.66,54.75,55.4,54.44,53.48,54.21,55.63,54.91,55.24,56.33,57.38,56.11,55.67,55.02,54.99,55.26,55.04,55.2,55.06,54.61,54.72,54.1,54.61,53.64,54.73,55.3,55.03,55.9,55.17,56.42,55.66,55.37,54.39,54.55,54.78,54.3,54.19,54.07,54.85,53.96,52.78,52.99,53.56,53.69
SS.sub.columns,top_p,Top pressure,bar,0,50,45,27.02,26.85,26.71,26.77,26.41,26.42,26.57,26.47,26.7,26.63,26.91,26.72,26.72,26.58,26.61,26.33,26.23,26.37,26.57,26.38,26.23,26.34,26.23,26.04,26.25,26.17,25.86,25.84,25.95,25.8,25.6,25.49,25.57,25.36,25.24,25.6,25.42,25.25,25.18,25.19,25.17,24.9,24.96,25.18,25.33,25.2,24.86,24.91,24.98,24.69,24.56,24.72,24.74,25.1,24.98,25.25,25.13,24.92,25.17,25.13
SS.sub.columns,btm_t,Bottom temp,C,0,420,400,316.6,314.8,315.5,315.5,314.2,316.2,314.8,312.8,313.4,313.8,313,313.5,313.4,314.2,315.3,315.9,316.2,316.6,317.5,318.2,318,318.8,317,316.1,315,316.7,317.2,317.7,319.2,319.7,320.1,321.2,322.2,320.8,318.9,318.4,319.8,320.7,321.6,320.8,322.8,324.6,323.6,322.5,322.1,322.1,321.8,322.9,323.5,323.4,322.2,323,322.4,323.3,323.3,322.2,322.3,321.6,320.9,320
SS.sub.columns,dp,Differential pressure,kPa,0,80,60,34.54,34.32,34.86,34.03,34.03,34.91,35.13,35.25,35.56,35.45,35.91,35.86,35.65,35.36,35.12,35.19,35.01,35.21,35.75,35.61,36.14,36.24,36.88,36.89,36.79,36.62,36.46,36.22,36.33,36.44,35.96,35.6,35,34.51,34.65,35.02,34.23,33.5,33.8,33.66,34.22,33.18,32.96,32.8,33.17,32.86,32.06,31.96,32.18,32.85,33.16,33.08,32.61,33.25,34.26,34.38,34.48,34.48,34.33,34.07
SS.sub.columns,reflux,Reflux flow,m3/h,0,300,,142.1,139.5,140.3,140.7,135.8,136,135.8,138.7,137.7,138.2,140.1,141.9,140.4,141.4,140.7,142.3,140.8,138.5,138,139.7,140.5,142.6,143.3,142.4,141.6,138.9,141.2,142.8,141.3,139.5,137.8,137.9,139.5,139.2,138.2,138.3,136.3,135,134.3,133.4,132.2,133.8,132.1,132,133.3,133.3,134.1,133.7,134.9,132.4,130.1,130.3,131.8,131,131.9,130.8,131.1,130.5,130.1,130.6
SS.sub.beams,temp,Temperature,C,0,120,100,45.5,45,45.34,45.56,45.59,46,46.06,46.49,47.07,46.83,46.52,46.6,46.34,47.1,46.82,46.6,46.48,47.08,47.51,46.95,46.73,47.5,47.78,48.01,48,47.65,48.22,48.22,48.47,48.3,48.58,47.96,48.67,48.55,48.4,48.74,48.73,48.92,49.08,48.92,48.88,49.51,49.98,49.83,49.45,49.39,49.84,49.75,49.89,49.75,49.8,49.84,50.38,49.48,49.49,49.74,50.52,50.86,50.72,51.32
SS.sub.beams,vib,Vibration,mm/s,0,12,7.1,2.446,2.106,2.273,2.328,2.307,2.506,2.589,2.766,2.882,2.929,2.979,2.95,2.922,2.817,2.7,2.648,2.535,2.627,2.796,2.805,2.748,2.841,2.831,2.973,2.968,2.713,2.846,2.844,3.026,3.112,3.339,3.136,2.925,3.089,2.95,2.971,3.035,2.982,3.15,3.21,3.079,2.953,2.876,2.936,2.818,3.093,2.981,3.225,3.319,3.288,3.253,3.02,3.14,3.367,3.193,3.24,3.045,3.19,3.164,3.126
SS.sub.beams,load,Load,%,0,100,95,57.82,58.3,58.75,57.65,58.15,56.77,56.2,56.35,56.76,56.94,56.67,57.41,56.98,57.61,58.18,59.11,59.83,60.85,61.23,61.43,62.77,62.75,63.98,64.98,65.2,64.29,65.16,64.07,62.87,62.3,61.45,63.07,63.54,62.36,63.9,64.84,64.56,64.07,62.88,62.51,62.65,61.58,61.47,61.26,60.96,60.34,61.39,62.14,62.09,62.4,62.82,62.96,62.35,62.27,62.04,61.75,61.75,61.37,61.29,61.73
SS.sub.cellar,air_p,Instrument air,bar,0,10,6.5,7.56,7.543,7.542,7.563,7.539,7.52,7.485,7.468,7.453,7.476,7.494,7.488,7.496,7.512,7.492,7.506,7.505,7.512,7.51,7.505,7.483,7.45,7.467,7.439,7.424,7.455,7.429,7.425,7.426,7.441,7.482,7.472,7.492,7.457,7.448,7.437,7.415,7.406,7.382,7.389,7.377,7.382,7.392,7.395,7.386,7.392,7.392,7.408,7.402,7.434,7.428,7.432,7.451,7.444,7.461,7.442,7.465,7.484,7.457,7.442
SS.sub.cellar,temp,Ambient temp,C,10,45,40,31.6,31.58,31.57,31.68,31.67,31.63,31.64,31.66,31.68,31.72,31.67,31.79,31.82,31.74,31.67,31.69,31.63,31.5,31.5,31.61,31.58,31.58,31.5,31.49,31.44,31.34,31.46,31.45,31.37,31.33,31.19,31.16,31.17,31.21,31.22,31.16,31.1,31.09,31.15,31.13,31.15,31.14,31.13,31.22,31.2,31.16,31.1,31.16,31.05,30.99,30.81,30.74,30.7,30.73,30.66,30.65,30.69,30.63,30.59,30.59
SS.sub.cellar,alarms,Active alarms,,0,50,20,3.683,3.52,3.489,3.433,3.334,3.344,3.32,3.276,3.141,3.191,3.127,3.345,3.166,3.164,3.251,3.263,3.204,3.094,3.348,3.32,3.308,3.248,3.218,2.953,2.906,2.567,2.701,2.9,3.013,3.11,2.929,2.944,2.595,2.725,2.599,2.429,2.606,2.876,2.731,2.796,2.83,2.781,2.725,2.515,2.534,2.664,2.698,2.805,2.698,2.694,2.706,2.861,2.701,2.656,2.599,2.694,2.738,2.673,2.689,2.784
SS.sub.cellar,comms,Link uptime,%,90,100,98,99.7,99.7,99.71,99.71,99.71,99.71,99.72,99.72,99.71,99.71,99.7,99.71,99.72,99.73,99.73,99.72,99.73,99.73,99.72,99.72,99.72,99.72,99.71,99.72,99.72,99.72,99.71,99.71,99.7,99.7,99.69,99.7,99.69,99.69,99.7,99.7,99.7,99.7,99.7,99.68,99.7,99.7,99.7,99.69,99.7,99.71,99.7,99.7,99.72,99.72,99.73,99.72,99.72,99.71,99.71,99.71,99.71,99.72,99.72,99.72
SS.sub.stairs,air_p,Instrument air,bar,0,10,6.5,7.656,7.664,7.646,7.669,7.658,7.647,7.644,7.63,7.607,7.616,7.597,7.565,7.571,7.582,7.595,7.55,7.536,7.503,7.513,7.495,7.486,7.474,7.477,7.453,7.43,7.428,7.373,7.377,7.353,7.382,7.378,7.386,7.412,7.367,7.372,7.386,7.378,7.378,7.366,7.36,7.324,7.318,7.312,7.308,7.317,7.297,7.282,7.275,7.271,7.297,7.284,7.281,7.294,7.288,7.267,7.256,7.265,7.301,7.294,7.288
SS.sub.stairs,temp,Ambient temp,C,10,45,40,31.79,31.81,31.78,31.83,31.78,31.81,31.83,31.91,31.89,31.82,31.8,31.86,31.85,31.89,31.82,31.91,31.82,31.93,31.83,31.68,31.69,31.59,31.59,31.55,31.63,31.6,31.58,31.57,31.61,31.68,31.74,31.74,31.83,31.88,31.9,31.97,31.98,32.05,31.95,31.88,31.83,31.81,31.8,31.83,31.77,31.78,31.76,31.77,31.77,31.73,31.82,31.78,31.7,31.72,31.83,31.84,31.73,31.78,31.86,31.75
SS.sub.stairs,alarms,Active alarms,,0,50,20,2.982,2.849,2.868,2.658,2.525,2.364,2.331,2.164,2.107,2.217,2.329,2.331,2.379,2.301,2.34,2.376,2.702,2.727,2.671,2.668,2.872,2.825,3.006,3.148,3.292,3.102,3.1,3.356,3.427,3.144,3.083,3.255,3.182,3.262,2.964,3.07,2.99,2.951,2.903,2.902,2.8,2.573,2.823,2.947,2.984,2.984,3.019,3.126,3.238,3.269,3.633,3.614,3.816,3.913,3.895,3.99,4.056,3.906,3.894,3.973
SS.sub.stairs,comms,Link uptime,%,90,100,98,99.71,99.72,99.72,99.7,99.71,99.7,99.7,99.72,99.72,99.71,99.71,99.71,99.71,99.7,99.7,99.68,99.69,99.7,99.7,99.7,99.7,99.7,99.7,99.69,99.69,99.68,99.69,99.68,99.67,99.67,99.67,99.66,99.67,99.66,99.66,99.65,99.65,99.65,99.65,99.66,99.66,99.66,99.66,99.67,99.67,99.67,99.67,99.67,99.68,99.67,99.67,99.67,99.67,99.67,99.67,99.66,99.66,99.67,99.67,99.65
SS.floor,temp,Temperature,C,0,120,100,43.61,43.33,43.24,43.4,43.31,43.01,42.96,42.87,43.18,43.33,43.15,43.14,43.35,43.41,43.79,44.23,44.17,44.72,44.81,44.99,45.31,45.24,45.72,45.55,45.66,45.38,45.22,45.48,45.73,45.84,46.09,45.94,46.4,46.09,45.88,45.82,45.23,45.09,45.48,45.73,46.52,47.08,47.9,48.39,49.32,49.81,50.36,50.57,51.3,51.76,52.17,52.72,53.8,54.5,55.22,55.8,56.26,56.51,56.27,57.35
SS.floor,vib,Vibration,mm/s,0,12,7.1,1.75,1.628,1.799,1.822,1.96,1.832,1.874,2.08,1.818,1.899,1.868,1.814,1.909,1.899,2.088,2.139,2.317,2.346,2.844,2.928,2.941,2.958,2.945,2.948,3.014,2.823,2.749,2.913,3.214,3.404,3.524,3.67,3.56,3.496,3.525,3.299,3.376,3.445,3.519,3.434,3.597,3.443,3.284,3.298,3.158,3.162,2.971,3.014,3.145,3.191,3.295,3.278,3.037,2.948,2.852,2.8,2.833,2.736,2.664,2.553
SS.floor,load,Load,%,0,100,95,55.9,55.61,56.12,55.99,56.02,55.49,55.96,55.02,55.56,56.24,55.77,55.27,55.67,56.27,56.44,55.75,55.14,56.16,56.57,55.77,54.51,53.96,54.61,54.83,55.99,56.06,55.75,56.45,56.76,56.56,57.84,56.06,55.02,54.6,55.39,55.05,55.89,56.93,56.28,56.21,55.38,55.83,56.34,57.02,56.52,57.2,56.48,57.51,58.33,58.56,57.84,58.94,58.42,58.62,60.33,60.37,60.06,60.09,59.12,59.01
SS.floor.deck,temp,Temperature,C,0,120,100,46.22,46.65,46.61,46.46,46.89,46.44,46.33,46.05,46.19,45.75,45.17,45.3,45.49,45.4,44.85,45.1,45.4,45.07,45.33,45.32,45.63,45.23,44.85,44.98,45.05,45.85,45.62,45.72,45.4,45.28,45.45,45,44.9,45.66,46.17,45.78,46.15,46.16,46.16,46.19,46.67,46.16,46.41,46.32,46.32,46.68,46.31,47.04,47.14,47.11,46.6,46.57,46.31,45.88,45.98,46.08,46.17,46.33,46.42,46
SS.floor.deck,vib,Vibration,mm/s,0,12,7.1,2.701,2.645,2.926,2.937,3.058,3.185,3.128,3.299,3.146,3.089,3.273,3.325,3.221,3.352,3.464,3.694,3.552,3.448,3.476,3.506,3.608,3.547,3.495,3.611,3.792,3.692,3.549,3.524,3.463,3.559,3.437,3.506,3.546,3.435,3.496,3.357,3.379,3.267,3.112,3.109,2.901,2.881,2.951,2.955,3.048,3.095,3.041,2.997,2.85,2.899,3.121,3.179,3.455,3.5,3.319,3.244,3.414,3.427,3.481,3.719
SS.floor.deck,load,Load,%,0,100,95,56.49,56.74,55.52,55.11,54.35,54.97,54.49,53.81,54.18,55.83,55.12,55.63,55.03,55.09,55.71,56.83,56.63,55.89,56.28,56.69,56.58,57.3,58.07,58.14,57.82,59.47,59.71,60.08,58.99,58.37,58.59,59.37,60.02,59.14,59.41,60.37,61.53,61.92,61.3,60.82,61.62,61.79,61.87,62.55,62.27,61.69,61.37,60.65,60.43,59.87,59.97,59.27,59.33,58.77,58.2,58.82,59.57,61.22,60.93,60.98
SS.floor.rails,temp,Temperature,C,0,120,100,46.84,47.15,47.22,47.64,47.31,46.79,46.8,46.54,47.36,47.51,47.61,47.51,47.04,46.41,46.59,46.71,46.78,47.53,47.81,47.83,47.73,48.31,48.61,48.78,49.16,49.59,49.77,49.89,49.81,50.12,50.54,50.54,50.63,50.79,50.88,50.49,50.4,50.68,50.79,51.04,51.23,51.54,50.7,51.1,51.15,50.59,50.41,49.76,50.01,50,50.01,50.46,51.07,50.66,50.69,50.68,50.64,50.33,50.14,50.24
SS.floor.rails,vib,Vibration,mm/s,0,12,7.1,2.545,2.476,2.342,2.487,2.45,2.704,2.467,2.422,2.48,2.849,2.608,2.519,2.372,2.219,2.372,2.402,2.432,2.573,2.532,2.62,2.476,2.438,2.549,2.646,2.941,3.223,3.325,3.262,3.249,3.197,3.061,3.265,3.336,3.174,3.24,3.151,3.234,3.159,2.899,3.032,3.096,3.291,3.275,3.165,2.997,3.221,3.142,3.243,3.321,3.306,3.264,3.325,3.352,3.505,3.556,3.686,3.89,3.795,3.702,3.519
SS.floor.rails,load,Load,%,0,100,95,53.53,54.55,54.61,53.67,53.22,52.68,52.85,52.98,51.97,53.08,53.06,52.77,51.97,50.68,50.8,51.78,51.6,51.27,52.42,52.74,51.44,51.17,50.88,51.47,51.53,53.34,52.62,52.35,53.44,53.46,53.2,52.22,51.81,52.66,51.88,52.85,53.32,52.76,51.21,51.07,50.22,50.45,50.26,50.96,50.53,51.08,50.75,50.06,50.91,50.8,50.07,51.36,51.45,50.79,50.99,50.85,49.87,49.6,48.55,48.47
SS.floor.vdoor,temp,Temperature,C,0,120,100,47.31,47.78,48.08,47.79,48.06,47.62,47.34,47.75,47.22,47.17,46.57,46.58,46.74,45.84,46.17,46.64,46.95,46.72,46.3,46.3,45.95,46.07,46.48,46.52,46.05,46.76,46.64,46.63,46.64,47.01,47.72,47.54,47.71,47.72,47.34,47.11,47.34,47.53,48.71,49.22,49.77,50.93,51.35,51.5,52.09,52.6,52.79,53.04,54.26,54.91,55.44,55.53,55.84,56.3,56.52,57.08,57.57,58.28,58.78,59.11
SS.floor.vdoor,vib,Vibration,mm/s,0,12,7.1,1.344,1.442,1.523,1.583,1.692,1.58,1.622,1.855,1.898,2.022,2.033,1.909,1.939,2.042,2.029,1.845,1.93,1.89,1.74,1.641,1.676,1.894,2.021,1.923,1.834,1.869,1.783,1.803,1.832,1.83,1.741,1.739,1.77,1.754,1.824,1.897,1.849,2.032,2.066,2.254,2.414,2.24,2.292,2.28,2.147,2.279,2.197,2.085,1.997,2.069,1.984,2.004,2.014,1.936,1.858,1.898,1.784,1.889,1.868,1.658
SS.floor.vdoor,load,Load,%,0,100,95,61.76,61.76,61.77,61.54,60.6,60.68,61.68,61.36,60.67,60.89,61.42,61.69,62.74,62,61.96,62.33,62.19,61.73,61.58,61.51,60.76,60.56,60.76,60.69,59.67,60.13,59.93,59.71,59.57,58.68,58.18,57.37,56.26,55.12,55.58,56.11,56.1,55.84,55.04,55.22,54.04,55.1,55.26,55.14,54.58,53.3,53.21,52.94,52.51,51.85,51.19,50.05,49.07,49.22,49.02,48.38,48.8,48.03,47.28,48.03
SS.floor.setback,temp,Temperature,C,0,120,100,45.49,44.97,44.82,44.76,45.07,45.65,45.61,45.63,45.5,45.58,45.69,45.16,46.07,46.27,45.76,45.38,46.1,46.27,46.03,46.21,46.23,45.47,45.41,46.38,46.23,46.1,46.01,45.95,45.97,46.57,46.32,46.3,45.55,45.55,45.39,45.3,45.74,45.19,44.29,44.2,44.2,44.06,43.55,43.56,43.73,43.84,43.66,44.04,44.16,44.31,44.44,44.55,44.31,44.85,44.75,44.43,44.98,44.99,44.88,45.33
SS.floor.setback,vib,Vibration,mm/s,0,12,7.1,2.624,2.592,2.643,2.698,2.538,2.536,2.18,1.925,1.821,1.878,1.863,1.735,1.693,1.524,1.385,1.483,1.802,1.936,2.207,2.061,2.196,2.073,2.147,2.204,2.312,2.421,2.598,2.63,2.574,2.751,2.606,2.509,2.54,2.646,2.768,2.863,2.971,2.929,3.054,3.101,3.135,3.143,3.229,3.287,3.22,3.504,3.446,3.305,3.292,3.227,3.13,3.15,3.09,3.021,3.056,2.914,3.133,3.129,3.224,3.147
SS.floor.setback,load,Load,%,0,100,95,54.67,53.83,54.95,55.66,55.2,54.45,53.63,53.05,51.65,51.47,52.23,52.87,52.73,53.12,53.98,54.65,54.6,54.31,55.8,55.76,55.93,56.54,57.64,56.71,56.46,56.39,56.8,57.12,56.58,56.24,56.03,56.5,56.64,56.49,56.66,56.66,55.54,55.08,55.3,55.78,55.63,56.68,55.99,56.21,56.72,57.09,56.64,55.69,56.19,56.47,56.26,55.82,56.18,56.03,56.11,56.25,56.23,56.79,56.34,56.52
SS.floor.tongs,temp,Temperature,C,0,120,100,45.87,45.86,45.72,45.65,45.23,44.93,44.88,44.52,44.78,44.92,45.4,45.4,44.76,44.76,44.82,44.63,44.19,44.57,45.19,45.16,45.23,44.95,44.82,44.39,44.32,44.44,45.03,44.45,44.06,43.97,44.2,44.23,44.15,43.81,44.37,44.47,44.32,44.18,43.92,43.98,43.76,44.14,43.8,43.42,43.44,43.13,42.63,42.93,42.8,43.05,43.62,43.59,43.05,43.43,43.65,43.43,43.2,43.57,43.99,43.34
SS.floor.tongs,vib,Vibration,mm/s,0,12,7.1,2.329,2.305,2.342,2.392,2.233,2.382,2.576,2.479,2.587,2.833,2.775,2.871,2.83,2.981,2.694,2.591,2.661,2.951,3.214,3.097,3.075,3.159,3.082,3.08,2.891,2.767,2.963,2.815,2.966,2.728,2.65,2.618,2.292,2.268,2.338,2.159,2.123,2.169,2.084,2.181,2.008,1.979,1.986,1.989,1.881,1.755,1.851,1.914,1.878,1.86,1.879,1.923,1.866,2.144,2.199,2.451,2.3,2.269,2.12,2.204
SS.floor.tongs,load,Load,%,0,100,95,59.21,60.13,60.82,61.13,60.64,60.49,58.92,59.25,58.69,59.37,59.32,59.45,60.04,60.32,60.56,59.9,60.25,60.29,60.25,61.21,59.48,59.49,59.02,57.68,57.6,57.55,58.09,58.59,57.81,57.39,58.67,57.78,57.1,56.73,57.3,58.12,58.7,58.52,57.93,58.37,58.55,57.5,56.87,56.59,56.76,56.86,57.41,58.26,57.98,58.95,58.58,57.9,58.76,58.94,59.23,59.97,60.53,60.08,60.29,59.63
SS.cabin,air_p,Instrument air,bar,0,10,6.5,7.607,7.605,7.605,7.602,7.588,7.603,7.591,7.569,7.59,7.608,7.621,7.611,7.618,7.647,7.637,7.648,7.677,7.702,7.725,7.718,7.718,7.726,7.701,7.689,7.655,7.643,7.649,7.659,7.654,7.646,7.63,7.628,7.613,7.608,7.614,7.601,7.611,7.613,7.63,7.626,7.64,7.68,7.664,7.658,7.666,7.653,7.671,7.677,7.677,7.681,7.687,7.715,7.718,7.701,7.697,7.692,7.67,7.683,7.695,7.672
SS.cabin,temp,Ambient temp,C,10,45,40,30.93,30.99,31.17,31.17,31.1,31.16,31.29,31.44,31.4,31.34,31.31,31.22,31.2,31.27,31.24,31.14,31.16,31.16,31.09,31.09,31.18,31.15,31.18,31.15,31.15,31.12,31.14,31.15,31.16,31.1,31.13,31.02,30.96,30.8,30.91,30.97,31,30.96,30.89,30.84,30.8,30.83,30.87,30.93,30.96,31,31.05,31,31.06,30.92,30.96,30.88,30.92,30.79,30.76,30.75,30.69,30.71,30.74,30.63
SS.cabin,alarms,Active alarms,,0,50,20,2.812,2.816,2.83,2.97,2.916,2.945,2.957,2.676,2.595,2.479,2.462,2.504,2.407,2.346,2.415,2.165,1.981,1.938,1.869,2.179,2.021,1.784,1.493,1.348,1.298,1.265,1.355,1.246,1.288,1.133,1.055,1.19,1.453,1.509,1.63,1.707,1.629,1.721,1.791,1.913,2.265,2.322,2.341,2.517,2.461,2.571,2.608,2.359,2.47,2.424,2.209,2.483,2.496,2.497,2.464,2.344,2.169,2.26,2.053,2.109
SS.cabin,comms,Link uptime,%,90,100,98,99.73,99.73,99.72,99.73,99.73,99.72,99.73,99.73,99.73,99.74,99.74,99.73,99.74,99.74,99.74,99.75,99.74,99.74,99.74,99.75,99.75,99.76,99.75,99.74,99.75,99.74,99.74,99.74,99.76,99.77,99.76,99.76,99.78,99.78,99.76,99.76,99.76,99.76,99.75,99.76,99.77,99.76,99.77,99.77,99.78,99.78,99.78,99.77,99.78,99.76,99.76,99.77,99.76,99.76,99.76,99.76,99.76,99.76,99.76,99.76
SS.cabin.shell,air_p,Instrument air,bar,0,10,6.5,7.663,7.699,7.697,7.66,7.638,7.615,7.624,7.62,7.632,7.623,7.626,7.626,7.623,7.6,7.565,7.545,7.549,7.537,7.534,7.533,7.566,7.525,7.503,7.488,7.501,7.536,7.515,7.52,7.529,7.529,7.536,7.551,7.555,7.562,7.555,7.57,7.544,7.542,7.51,7.486,7.475,7.509,7.487,7.491,7.488,7.497,7.51,7.549,7.527,7.525,7.503,7.507,7.484,7.477,7.469,7.464,7.465,7.476,7.5,7.507
SS.cabin.shell,temp,Ambient temp,C,10,45,40,31.53,31.54,31.6,31.63,31.66,31.54,31.58,31.49,31.45,31.47,31.53,31.58,31.57,31.68,31.69,31.65,31.5,31.49,31.51,31.69,31.61,31.59,31.54,31.56,31.67,31.59,31.65,31.67,31.73,31.79,31.82,31.83,31.73,31.84,31.8,31.67,31.64,31.58,31.63,31.75,31.67,31.6,31.54,31.55,31.69,31.65,31.68,31.7,31.7,31.74,31.69,31.72,31.75,31.73,31.76,31.73,31.76,31.71,31.7,31.76
SS.cabin.shell,alarms,Active alarms,,0,50,20,2.84,2.732,2.567,2.662,2.553,2.511,2.565,2.753,2.809,2.854,2.923,2.817,2.679,2.426,2.442,2.664,2.631,2.729,2.795,2.737,2.807,2.752,2.885,3.004,2.735,2.748,2.642,2.546,2.767,2.789,2.72,2.769,2.76,2.767,2.777,2.822,2.804,2.813,2.669,2.852,2.775,2.436,2.681,2.901,2.965,2.78,2.79,2.805,2.95,3.075,2.98,2.839,2.678,2.58,2.823,2.711,2.835,2.738,2.819,2.919
SS.cabin.shell,comms,Link uptime,%,90,100,98,99.69,99.68,99.69,99.69,99.7,99.68,99.68,99.69,99.69,99.69,99.69,99.7,99.71,99.72,99.71,99.71,99.7,99.7,99.7,99.7,99.7,99.7,99.69,99.69,99.69,99.68,99.68,99.68,99.68,99.7,99.7,99.7,99.7,99.7,99.7,99.69,99.69,99.69,99.69,99.69,99.69,99.69,99.68,99.68,99.67,99.68,99.68,99.68,99.67,99.66,99.65,99.66,99.66,99.66,99.67,99.67,99.66,99.67,99.66,99.65
SS.cabin.console,temp,Temperature,C,0,120,100,45.64,45.46,46.56,46.45,46.62,47,46.66,46.89,46.46,46.51,46.43,46.44,46.56,47.16,46.95,46.96,47.23,47.33,46.98,47.3,46.75,46.61,46.29,46.55,46.81,47.17,46.8,46.83,46.28,45.7,45.62,45.45,45.52,45.33,45.34,45.43,44.51,44.09,44.11,43.52,43.55,44.09,44.19,44.52,43.69,43.21,43.41,43.07,42.91,43.49,43.03,43.19,43.14,42.45,42.47,42.91,42.83,42.71,43.12,42.91
SS.cabin.console,vib,Vibration,mm/s,0,12,7.1,1.736,1.729,1.504,1.481,1.449,1.547,1.638,1.613,1.657,1.756,1.761,2.078,2.094,2.098,1.989,2.164,2.441,2.533,2.871,3.068,3.169,3.125,3.121,2.971,2.687,2.546,2.84,2.914,2.859,2.963,2.88,3.003,3.04,3.166,2.865,2.798,2.831,2.924,2.849,2.942,2.824,2.855,2.771,2.947,3.081,3.061,3.046,2.886,2.84,2.975,3.077,3.234,3.607,3.478,3.439,3.548,3.475,3.585,3.646,3.755
SS.cabin.console,load,Load,%,0,100,95,55.75,56.58,56.75,57.27,57.14,57.42,56.85,57.04,56.06,56.38,57.78,56.92,57.02,58.53,58.82,59.18,58.48,60.26,59.6,59.72,60.52,61.01,60.88,60.92,61.17,60.53,61.14,60.09,60.34,61.49,61.42,61.16,61.44,60.53,62,62.22,62.36,62.52,62.27,63.47,63.8,63.03,65.37,65.44,65.45,65.49,65.66,65.31,65.4,64.91,66.46,66.66,66.39,66.1,66.21,66.45,65.89,66.97,67.17,68.53
SS.cabin.hmi,temp,Temperature,C,0,120,100,47.74,47.35,47.09,47.67,47.97,48.47,48.35,48.42,48.25,48.15,48.65,48.84,49.13,48.74,48.4,48.78,48.43,48.74,48.21,48.42,48.25,48.19,48.62,48.45,48.82,48.9,49.42,49.88,50.14,49.87,49.64,49.28,49.33,49.83,49.59,49.25,48.97,49.24,49.14,49.42,49.54,49.12,49.29,49.86,49.83,49.7,49.92,49.76,49.94,49.81,49.62,49.43,49.18,48.93,49.01,48.62,48.51,48.87,48.36,48.44
SS.cabin.hmi,vib,Vibration,mm/s,0,12,7.1,1.715,1.313,1.271,1.183,1.09,1.304,1.349,1.383,1.447,1.489,1.381,1.44,1.371,1.435,1.305,1.339,1.242,1.231,1.361,1.304,1.374,1.602,1.307,1.282,1.341,1.411,1.473,1.272,1.308,1.13,1.276,1.387,1.315,1.248,1.079,1.208,1.153,1.264,1.21,1.345,1.272,1.103,1.213,0.9271,0.9367,1.03,1.147,1.019,0.9711,0.7991,0.944,1.233,1.366,1.358,1.45,1.476,1.442,1.373,1.376,1.235
SS.cabin.hmi,load,Load,%,0,100,95,55.94,56.16,56.03,55.39,55.64,55.55,55.05,54.08,53.9,54.12,55.21,54.3,53.74,53.28,54.16,53.9,55.07,55.08,56.2,55.81,56.3,55.88,56.03,56.25,56.1,55.65,55.04,55.24,55.59,54.38,54.91,54.71,54.66,55.03,55.46,55.79,56.2,55.43,55.3,54.61,54.07,54.97,54.16,54.02,52.82,51.91,50.11,50,50.4,50.72,50.97,50.3,50.56,51.09,50.74,50.35,51.06,51.18,51.02,49.89
SS.pipe,flow,Flow,m3/h,0,800,720,308,310.6,312.6,308.1,305.9,307.9,307.3,306.8,305.7,304.2,298.6,299.3,296.9,294,292.3,291.2,289.5,287.8,287.8,293.5,290.8,290.8,288.3,288.3,287.6,287.7,284.2,284.1,284.5,281.6,282.3,277.8,277.9,278.3,276.7,277.4,279,280.1,282.5,282.9,281,279,279,281.6,281,278.7,275.6,276.1,271.8,272,274.5,275.7,276.8,276.4,273,272.6,274.9,274.2,273.1,276.2
SS.pipe,press,Pressure,bar,0,120,100,65.04,65.07,64.9,64.71,64.42,63.96,63.3,63.21,62.7,62.43,62.04,62.1,60.91,60.54,60.2,59.86,59.85,59.82,59.56,59.95,59.93,59.69,59.92,60.31,60.37,60.18,60.2,60.18,60.13,60.08,60.51,60.41,60.76,60.94,61.13,60.93,60.69,60.09,59.89,59.68,59.53,59.15,60.35,60.22,60.45,60.5,59.93,59.82,59.55,59.46,59.01,58.88,59.03,59.18,58.96,58.82,57.45,57.3,57.36,57.48
SS.pipe,temp,Temperature,C,-170,150,,39.32,39.33,39.3,39.06,39.19,39.45,39.5,38.93,39.29,38.9,38.21,38,38.04,38.34,38.97,39.43,39.87,40.47,40.16,40.09,40.1,39.81,40.38,40.59,40.24,40.59,41.11,41.23,40.94,40.71,40.77,40.95,40.85,41,40.86,40.7,40.55,40.73,41.21,41.14,41.45,41.25,41.45,41.5,41.7,41.55,41.09,41.15,41.11,40.97,41.53,41.74,41.03,40.71,41.1,40.74,40.83,40.45,40,40.32
SS.pipe,wall,Wall loss,%,0,30,20,6.359,6.355,6.353,6.346,6.344,6.343,6.344,6.34,6.34,6.351,6.354,6.363,6.368,6.363,6.368,6.377,6.374,6.375,6.375,6.369,6.381,6.379,6.371,6.372,6.363,6.354,6.35,6.356,6.356,6.352,6.354,6.356,6.354,6.349,6.36,6.363,6.369,6.366,6.35,6.349,6.353,6.355,6.367,6.374,6.374,6.372,6.359,6.355,6.366,6.365,6.361,6.353,6.362,6.368,6.359,6.363,6.373,6.365,6.368,6.363
SS.pipe.catwalk,temp,Temperature,C,0,120,100,47.91,48.24,48.24,48.02,48.13,48.79,48.88,48.53,47.92,47.86,48.44,47.49,46.88,46.92,46.88,47.5,46.66,46.92,46.91,46.59,46.59,46.73,46.52,46.39,46.7,46.8,47.27,47.15,47.27,46.5,46.79,46.82,46.43,45.92,46.25,46.19,46.78,47.21,46.87,46.98,46.8,46.85,46.65,46.49,46.86,46.97,46.7,46.34,46.31,46.26,46.23,45.52,45.41,45.43,45.15,44.86,45.7,45.64,45.54,45.49
SS.pipe.catwalk,vib,Vibration,mm/s,0,12,7.1,1.624,1.607,1.759,1.544,1.784,2.046,2.09,1.903,1.845,1.6,1.65,1.571,1.601,1.578,1.511,1.85,1.816,1.808,1.896,2.133,2.033,2.053,2.109,1.923,1.781,1.682,1.596,1.613,1.559,1.483,1.463,1.387,1.359,1.47,1.405,1.37,1.339,1.47,1.327,1.236,1.521,1.405,1.555,1.448,1.464,1.593,1.429,1.443,1.531,1.621,1.599,1.807,1.942,1.957,1.99,1.988,1.929,2.111,2.011,1.938
SS.pipe.catwalk,load,Load,%,0,100,95,54.1,54.09,55.24,56.32,55.29,54.78,55.92,56.23,56.93,56.69,56.96,57.9,56.57,56.74,57.55,57.62,56.75,57.12,57.76,57.32,57.09,57.16,56.91,56.49,56.8,56.56,56.36,55.66,56.25,55.73,56.48,56.89,56.3,56.35,56.4,56.35,56.49,56.77,56.46,56.8,58,57.5,58.51,58.94,58.9,59.06,59.76,58.41,58.83,58.28,59.76,59.09,58.64,57.51,57.36,56.2,55.43,55.08,54.35,54.19
SS.pipe.ramp,temp,Temperature,C,0,120,100,47.33,47.77,48.22,47.94,47.77,48.44,48.48,48.4,48.18,48.55,48.7,48.2,48.02,48.51,48.95,49.55,49.96,49.77,49.77,49.88,49.36,49.41,49.19,49.02,49.31,49.35,49.7,49.94,49.43,49.52,48.96,49.27,49.9,49.75,49.71,50.15,50.16,49.97,49.31,49.63,50.01,49.91,50.12,50.38,50.82,51.05,51.32,51.39,51.58,51.83,51.37,51.62,51.84,51.77,52.16,52.07,52.04,52.48,52.66,52.73
SS.pipe.ramp,vib,Vibration,mm/s,0,12,7.1,2.039,2.079,2.053,1.868,2.009,2.07,1.816,2.034,2.029,2.065,1.853,1.829,1.975,1.976,1.992,1.999,2.194,2.275,2.144,2.143,2.403,2.416,2.43,2.244,2.352,2.573,2.479,2.4,2.359,2.32,2.389,2.687,2.748,2.904,2.901,3.091,3.034,3.133,3.215,3.284,3.229,3.38,3.261,3.37,3.314,3.247,3.307,3.394,3.251,3.284,3.366,3.637,3.633,3.612,3.637,3.685,3.695,3.644,3.736,3.712
SS.pipe.ramp,load,Load,%,0,100,95,53.74,54.49,52.67,52.23,52.16,52.27,53.09,53.16,52.98,53.23,52.95,52.41,53.96,55.25,55.3,55.02,55.94,56.69,56.67,55.85,55.51,55.83,55.45,55.44,55.98,55.33,55.5,55.72,56.72,57.22,57.19,56.82,56.96,55.99,56.18,56.7,56.19,56.26,56.18,55.58,54.98,55.5,56.74,55.85,54.73,55.16,55,54.78,54.57,53.9,54.15,54.7,53.75,53.66,53.28,52.99,53.59,54.15,53.17,53.23
SS.pipe.racks,flow,Flow,m3/h,0,800,720,310.4,309.6,307,304.6,305.3,304.8,302.8,300.9,295,298.4,298.1,296.9,300.3,302,299.8,297.7,298.5,299.1,300.5,297.9,298.8,297.2,297,297.5,296.2,296.5,297.7,296,296,296.9,294.1,291.9,292.7,292.1,293.3,294.6,297.1,297.6,296.6,296.8,297.6,297,294.9,292.5,292.1,293.4,292.9,293.3,291.1,294.2,292.9,293.1,297.9,299.2,302.7,302.5,302.2,307.5,305.9,303
SS.pipe.racks,press,Pressure,bar,0,120,100,63.43,62.78,63.28,63.35,62.99,62.89,62.6,62.83,62.88,63,63.05,63.11,62.97,62.44,63.37,63.52,63.33,63.84,63.67,63.95,63.8,64.24,63.69,63.41,63.19,63.39,63.65,63.63,64.1,63.99,64.13,64.53,64.76,64.81,64.71,64.73,64.87,64.18,64.24,64.25,64.74,64.2,64.57,64.61,64.34,63.93,63.67,63.51,64.08,64.23,64.4,64.19,64.12,64.2,64.53,64.64,64.6,64.22,63.96,64.05
SS.pipe.racks,temp,Temperature,C,-170,150,,37.22,37.05,37.39,37.72,38.02,37.46,37.29,37.1,36.67,36.77,36.69,36.77,36.26,36.54,37.07,37.45,37.31,37.24,37.32,37.38,37.6,37.65,38.05,37.77,37.59,37.47,37.6,37.97,37.5,37.29,36.93,36.93,36.57,36.64,36.64,36.35,36.73,36.75,36.56,37.31,37.1,37,37.44,37.31,37.37,37.7,37.76,37.76,37.45,37.12,37.03,36.73,36.37,36.18,36.05,35.95,35.73,35.96,36.2,35.91
SS.pipe.racks,wall,Wall loss,%,0,30,20,6.431,6.419,6.421,6.417,6.415,6.41,6.401,6.409,6.42,6.41,6.4,6.404,6.408,6.41,6.403,6.401,6.398,6.406,6.412,6.413,6.414,6.411,6.426,6.442,6.444,6.443,6.445,6.443,6.44,6.435,6.425,6.44,6.429,6.428,6.435,6.419,6.412,6.408,6.404,6.399,6.41,6.391,6.38,6.381,6.372,6.376,6.376,6.383,6.382,6.38,6.379,6.375,6.371,6.372,6.372,6.379,6.387,6.384,6.392,6.396
SS.pipe.tubulars,flow,Flow,m3/h,0,800,720,312.3,311,310.4,309.4,307.8,308.7,308.1,307.4,305.9,307.5,306,305.2,302.4,302.5,301,300.6,303.5,302.5,303.5,302.7,303.2,306.3,307.8,307.7,304.4,303.3,300.9,299,301,302.4,303.6,303.9,302,302.9,306.4,308.1,309.8,307.3,310.3,306.3,303.8,303.4,303.6,301.3,300.6,303.6,305.4,304.2,308.9,307.8,310.8,313.3,311.3,311.1,310.1,306.5,304.2,306,308,310.1
SS.pipe.tubulars,press,Pressure,bar,0,120,100,65.83,66.01,66.48,66.33,67.16,67.17,67.06,67.17,67.04,67.2,67.45,67.49,67.37,66.8,67.08,66.91,66.34,66.4,65.89,65.4,64.84,64.74,64.69,64.22,64.64,64.25,64.79,63.92,63.88,64.11,63.21,63.49,63.63,63.81,63.59,63.71,63.53,63.5,63.55,63.24,63.25,63.16,63.16,62.68,62.49,61.97,61.76,62.04,62.14,61.78,61.64,61.87,62.16,62.16,62.17,62.17,62,61.89,62.36,62.66
SS.pipe.tubulars,temp,Temperature,C,-170,150,,39.63,39.56,39.47,39.51,39.15,39.51,39.61,39.03,39.3,39.08,38.94,38.67,38.4,38.44,38.42,37.9,37.71,37.78,38,37.71,38.1,38.22,38.58,38.33,37.93,38.06,37.64,37.5,37.34,37.55,37.65,37.87,38.28,38.33,38.38,38.66,38.82,39.08,38.64,38.28,37.99,38.16,37.99,37.82,37.63,37.13,37,37.14,37.08,37.48,37.64,37.43,37.14,37.34,37.01,36.64,36.67,36.56,36.42,35.89
SS.pipe.tubulars,wall,Wall loss,%,0,30,20,6.438,6.437,6.431,6.426,6.429,6.424,6.417,6.423,6.421,6.415,6.414,6.411,6.412,6.417,6.414,6.407,6.408,6.413,6.42,6.412,6.409,6.405,6.401,6.393,6.395,6.393,6.384,6.39,6.391,6.385,6.393,6.388,6.378,6.374,6.362,6.361,6.362,6.371,6.356,6.357,6.358,6.359,6.373,6.388,6.381,6.382,6.37,6.373,6.388,6.385,6.381,6.388,6.381,6.374,6.382,6.38,6.372,6.376,6.38,6.378
SS.site,air_p,Instrument air,bar,0,10,6.5,7.594,7.597,7.56,7.558,7.535,7.51,7.521,7.543,7.552,7.606,7.603,7.611,7.611,7.582,7.583,7.602,7.6,7.638,7.655,7.697,7.703,7.723,7.75,7.789,7.783,7.798,7.806,7.792,7.797,7.825,7.795,7.78,7.784,7.813,7.788,7.777,7.824,7.815,7.809,7.817,7.83,7.835,7.846,7.849,7.844,7.854,7.832,7.816,7.818,7.829,7.834,7.852,7.831,7.867,7.881,7.864,7.847,7.837,7.857,7.862
SS.site,temp,Ambient temp,C,10,45,40,31.51,31.6,31.64,31.53,31.59,31.55,31.53,31.5,31.51,31.52,31.56,31.55,31.53,31.52,31.62,31.48,31.38,31.3,31.3,31.33,31.31,31.32,31.37,31.34,31.35,31.47,31.43,31.43,31.44,31.45,31.37,31.26,31.21,31.19,31.14,31.09,31.1,31.1,31.06,30.94,30.96,30.93,30.92,30.89,30.93,30.89,30.98,30.89,30.82,30.82,30.87,30.97,30.94,30.91,30.93,30.91,30.89,30.9,30.95,31
SS.site,alarms,Active alarms,,0,50,20,2.317,2.164,2.087,2.016,2.274,2.483,2.58,2.62,2.666,3.055,3.044,2.975,2.881,2.902,3.062,2.888,3.092,3.163,3.18,3.414,3.335,3.469,3.572,3.554,3.464,3.526,3.753,3.804,3.891,3.967,3.831,3.909,3.899,4.251,4.267,4.375,4.481,4.547,4.353,4.222,4.093,4.082,4.055,4.198,4.402,4.355,4.377,4.275,4.296,4.119,4.152,4.128,4.181,4.257,4.077,3.823,3.905,3.827,3.709,3.699
SS.site,comms,Link uptime,%,90,100,98,99.68,99.69,99.68,99.68,99.67,99.67,99.67,99.67,99.66,99.66,99.67,99.67,99.66,99.67,99.68,99.68,99.67,99.67,99.67,99.68,99.67,99.67,99.67,99.66,99.66,99.66,99.65,99.65,99.65,99.65,99.65,99.65,99.66,99.65,99.65,99.65,99.66,99.67,99.67,99.67,99.68,99.67,99.66,99.67,99.68,99.66,99.67,99.66,99.66,99.66,99.67,99.67,99.67,99.67,99.66,99.66,99.66,99.67,99.67,99.67
SS.site.pad,air_p,Instrument air,bar,0,10,6.5,7.636,7.646,7.65,7.642,7.653,7.635,7.629,7.654,7.687,7.682,7.707,7.702,7.704,7.716,7.708,7.706,7.719,7.725,7.739,7.749,7.747,7.755,7.732,7.766,7.755,7.783,7.8,7.776,7.767,7.795,7.791,7.803,7.777,7.765,7.74,7.742,7.767,7.751,7.738,7.744,7.728,7.728,7.728,7.743,7.742,7.735,7.768,7.774,7.776,7.769,7.765,7.796,7.801,7.82,7.827,7.873,7.883,7.873,7.9,7.895
SS.site.pad,temp,Ambient temp,C,10,45,40,31.51,31.54,31.52,31.42,31.44,31.36,31.28,31.31,31.37,31.41,31.38,31.27,31.15,31.18,31.24,31.31,31.46,31.47,31.56,31.44,31.51,31.42,31.42,31.53,31.49,31.52,31.34,31.23,31.2,31.29,31.36,31.34,31.35,31.36,31.43,31.41,31.39,31.42,31.32,31.29,31.38,31.38,31.55,31.46,31.59,31.59,31.61,31.6,31.63,31.73,31.73,31.67,31.68,31.79,31.68,31.62,31.57,31.59,31.62,31.56
SS.site.pad,alarms,Active alarms,,0,50,20,2.642,2.309,2.088,2.11,2.234,2.089,2.295,2.393,2.475,2.373,2.418,2.273,2.148,1.818,1.673,1.733,2.015,1.598,1.53,1.637,1.755,1.737,1.825,2.069,2.073,2.174,2.082,2.184,2.023,2.154,2.397,2.312,2.242,2.248,2.131,2.087,1.945,1.625,1.484,1.608,1.711,1.562,1.64,1.402,1.342,1.209,1.114,0.8071,0.8588,0.4732,0.3697,0.2468,0.3168,0.2389,0.3552,0.3785,0.3791,0.682,0.5556,0.2738
SS.site.pad,comms,Link uptime,%,90,100,98,99.73,99.73,99.73,99.73,99.73,99.72,99.72,99.74,99.74,99.74,99.74,99.75,99.74,99.75,99.73,99.73,99.72,99.72,99.72,99.72,99.73,99.73,99.73,99.72,99.71,99.72,99.72,99.72,99.72,99.72,99.72,99.73,99.73,99.74,99.76,99.74,99.72,99.72,99.73,99.73,99.74,99.73,99.72,99.72,99.72,99.7,99.7,99.71,99.7,99.69,99.68,99.67,99.66,99.66,99.65,99.65,99.65,99.65,99.65,99.64
SS.site.office,air_p,Instrument air,bar,0,10,6.5,7.566,7.56,7.568,7.567,7.553,7.54,7.538,7.547,7.547,7.579,7.605,7.65,7.643,7.662,7.687,7.688,7.706,7.727,7.732,7.714,7.719,7.705,7.686,7.693,7.665,7.659,7.62,7.633,7.641,7.666,7.694,7.701,7.691,7.673,7.684,7.682,7.692,7.709,7.696,7.688,7.681,7.666,7.672,7.697,7.666,7.673,7.647,7.659,7.684,7.701,7.668,7.64,7.64,7.665,7.687,7.687,7.694,7.673,7.667,7.642
SS.site.office,temp,Ambient temp,C,10,45,40,31.15,31.25,31.24,31.2,31.3,31.29,31.29,31.35,31.33,31.36,31.5,31.53,31.6,31.71,31.72,31.82,31.77,31.75,31.78,31.83,31.73,31.86,31.89,31.81,31.9,32,31.89,31.88,31.76,31.69,31.72,31.74,31.7,31.64,31.68,31.74,31.82,31.92,31.92,31.99,32.02,32.15,32.2,32.18,32.22,32.37,32.26,32.2,32.2,32.23,32.2,32.14,32.3,32.28,32.32,32.36,32.47,32.53,32.52,32.48
SS.site.office,alarms,Active alarms,,0,50,20,3.203,3.066,3.315,3.302,3.354,3.292,3.267,3.065,2.969,2.864,3.152,3.385,3.379,3.17,2.836,2.957,2.984,3.135,2.904,3.056,3.148,3.098,2.996,3.236,3.418,3.192,3.116,3.238,3.541,3.489,3.623,3.534,3.494,3.374,3.187,3.203,3.257,3.266,3.141,2.914,2.784,2.483,2.472,2.549,2.733,2.581,2.462,2.317,2.328,2.399,2.302,2.385,2.547,2.357,2.398,2.336,2.157,2.025,2.113,1.752
SS.site.office,comms,Link uptime,%,90,100,98,99.73,99.73,99.73,99.73,99.73,99.74,99.73,99.73,99.73,99.74,99.73,99.73,99.73,99.73,99.74,99.74,99.73,99.72,99.71,99.72,99.72,99.71,99.72,99.73,99.73,99.72,99.73,99.73,99.72,99.72,99.71,99.7,99.69,99.7,99.7,99.71,99.71,99.7,99.71,99.72,99.71,99.72,99.71,99.69,99.68,99.68,99.68,99.69,99.7,99.71,99.71,99.71,99.72,99.73,99.73,99.73,99.73,99.73,99.73,99.73
SS.site.workshop,temp,Temperature,C,0,120,100,46.63,46.62,47.25,47.72,47.85,47.78,47.59,47.53,47.11,47.29,47.08,47.24,47.16,46.99,46.35,46.11,46.17,46.65,46.98,46.83,47.1,47.38,48.37,48.4,48.45,48.22,48.13,47.83,48.44,48.11,48,47.79,47.73,47.46,47.71,46.99,47.1,46.64,47.16,47.29,47.3,47.28,47.27,46.85,47.49,47.58,48.14,48.2,48.35,48.82,48.91,48.75,48.75,48.4,47.83,47.95,47.8,48.1,47.87,47.76
SS.site.workshop,vib,Vibration,mm/s,0,12,7.1,2.699,2.494,2.623,2.572,2.525,2.849,2.878,2.874,2.508,2.727,2.817,2.743,2.481,2.539,2.565,2.392,2.292,2.691,2.822,2.669,2.557,2.531,2.475,2.441,2.508,2.307,2.179,2.085,2.27,2.375,2.36,2.422,2.532,2.394,2.516,2.63,2.539,2.611,2.748,2.814,2.817,2.73,2.776,2.782,3.021,3.042,2.99,3.007,2.868,3.224,3.324,3.413,3.425,3.241,3.283,3.077,3.069,2.842,2.917,3.247
SS.site.workshop,load,Load,%,0,100,95,56.36,57.05,55.62,54.46,54.07,54.26,54.73,54.66,55.25,54.82,54.6,54.9,55.01,53.65,52.87,52.99,53.83,53.97,53.55,52.25,52.32,53.16,54.47,54.39,55.81,56.31,56.83,56.38,55.75,55.59,54.29,54.26,54.93,54.97,53.64,54.47,54.27,54.55,53.79,54.43,54.02,53.12,52.71,53.64,54.21,54.46,55.47,55.31,55.5,55.93,56.69,57.86,58.62,58.86,57.85,57.82,57.9,57.63,57.68,58.85
SS.site.store,temp,Temperature,C,0,120,100,47.48,47.36,47.86,47.24,47.6,47.09,46.95,46.53,46.04,46.73,46.88,47.03,47.58,47.7,47.38,47.37,47.92,48.1,47.48,47.33,47.79,48.05,48.11,48.04,48.1,47.93,48.28,47.88,48.42,48.33,48.44,47.85,47.95,48.21,47.76,47.9,47.37,47.67,47.89,47.46,47.53,47.48,47.24,47.4,46.94,47.28,46.76,47.63,47.77,47.5,47.35,46.87,46.62,46.98,46.89,47.2,46.87,47.35,47,46.98
SS.site.store,vib,Vibration,mm/s,0,12,7.1,2.517,2.592,2.731,2.785,2.831,2.822,2.887,2.738,2.716,2.611,2.672,2.783,2.751,2.856,2.824,2.764,2.546,2.384,2.542,2.387,2.308,2.497,2.657,2.86,2.965,3.142,3.242,3.441,3.415,3.601,3.711,3.798,3.774,3.79,3.821,3.958,3.996,4.029,3.801,3.714,3.624,3.883,3.915,4.015,4.026,3.971,4.179,4.068,4.26,4.367,4.486,4.478,4.533,4.421,4.343,4.561,4.375,4.424,4.449,4.142
SS.site.store,load,Load,%,0,100,95,59.74,60.23,59.48,59,59.92,59.73,59.64,60.18,59.76,60,59.69,59.96,59.36,59.18,59.37,58.88,59.11,59.43,59.38,59,59.38,60.27,60.88,61.1,60.11,60.22,59.94,59.49,59.53,60.13,61.07,60.45,60.19,60.15,59.81,58.29,59.42,59.53,59.12,59.79,59.38,60.93,59.98,59.48,60.5,60.98,60.06,59.54,61.05,60.9,60.52,61.65,61.95,61.74,62.28,61.09,62.6,62.23,62.06,62.41
SS.site.flag,temp,Temperature,C,0,120,100,47.65,47.4,47.17,47.03,46.83,46.67,46.57,46.43,46.42,46.18,46.14,46.17,46.54,46.52,46.54,46.87,46.69,46.26,45.89,45.55,45.82,45.47,44.89,44.7,44.64,45.06,45.31,44.72,44.85,45.23,45.04,45.75,45.51,45.23,45.23,45.75,46.35,45.97,46.24,45.72,45.81,45.55,45.26,45.47,45.71,46.39,45.84,46.06,46.14,46.41,46.79,46.61,47.11,47.05,47.07,46.14,46.36,47,47.06,46.79
SS.site.flag,vib,Vibration,mm/s,0,12,7.1,2.456,2.381,2.123,2.238,2.232,2.126,1.92,1.798,1.69,1.701,1.62,1.634,1.811,1.756,1.607,1.432,1.632,1.64,1.527,1.747,1.595,1.673,1.649,1.67,1.675,1.484,1.084,0.9029,0.9696,1.16,1.313,1.319,1.183,1.082,1.062,1.088,1.12,0.9921,1.112,1.019,1.006,0.8966,0.8175,0.5374,0.2429,0,0,0.04273,0.1744,0.2572,0.2027,0.2856,0.02025,0.02457,0.2509,0.3059,0.3443,0.2544,0.5183,0.5396
SS.site.flag,load,Load,%,0,100,95,55.13,54.78,55.19,55.98,55.89,54.93,53.98,52.52,51.58,50.58,49.77,49.57,49.91,49.65,49.66,48.29,48.38,48.9,47.11,47.17,46.97,45.99,45.9,45.13,45.94,46.81,47.33,47.85,47.4,48.67,48.4,47.67,47.94,47.85,47.83,48.02,49.88,48.61,48.24,47.74,48.46,47.42,48.39,48.41,47.86,48.15,48.26,48.67,48.26,47.21,46.13,45.66,45.72,45.71,45.56,46.57,46.44,46.64,47.19,46.9
SS.site.loader,temp,Temperature,C,0,120,100,44.63,44.72,44.81,44.76,45.45,45.58,45.24,45.04,45.16,45.65,45.14,44.65,44.74,44.28,44.35,44.06,44.21,43.93,43.93,43.92,43.77,44.35,45.16,44.91,44.22,44.77,44.31,44.94,44.46,44.1,44.53,44.98,44.92,44.9,44.57,45.19,44.91,44.75,45.2,44.73,44.33,44.71,44.85,45.13,45.62,45.85,45.39,45.23,45.29,45.21,44.59,43.85,43.56,43.58,43.55,42.89,42.97,42.8,43,43.46
SS.site.loader,vib,Vibration,mm/s,0,12,7.1,2.909,3.082,3.032,3.079,3.076,3.2,3.234,3.393,3.312,3.262,3.285,3.12,3.016,3,3.112,3.109,3.257,3.152,3.435,3.298,3.356,3.312,3.347,3.417,3.276,3.361,3.352,3.497,3.394,3.351,3.633,3.595,3.934,3.971,3.94,3.952,4.005,4.075,4.241,4.325,4.057,3.977,4.104,4.366,4.473,4.662,4.645,4.835,4.892,5.012,5.12,5.237,5.217,5.137,4.961,4.735,5.032,4.729,4.737,4.381
SS.site.loader,load,Load,%,0,100,95,61.59,62.42,62.18,62.36,62.9,61.89,62.69,62.67,62.94,64.61,64.79,64.32,65.21,66.14,67.33,67.03,67.04,67.75,68.35,69.78,67.82,67.47,66.38,66.45,66.43,65.82,65.98,65.35,65.68,65.66,66.16,65.52,65.43,65.91,64.42,64.88,65.37,65.06,64.06,65.45,65.06,66.02,65.55,65.09,66.59,66.8,66.75,66.58,66.3,67.28,68.14,68.05,67.8,66.97,66.67,66.14,65.21,65.52,64.32,64.06
